timestamp,tour,tournament,surface,match_date,player_a,player_b,p_a_raw,p_a_cal,p_b_raw,p_b_cal,shrink_hi,shrink_lo,shrink_rate,shrinkage_applied,odds_a,odds_a_source,odds_b,odds_b_source,bookmaker_a,bookmaker_b,implied_a,implied_b,edge_a,ev_a,kelly_a,edge_b,ev_b,kelly_b,model_commit,model_snapshot_id,elo_found_a,elo_found_b,decision
2026-07-25T19:16:27,atp,Estoril,clay,2026-07-26,Alexander Blockx,Luca Van Assche,0.7089,0.7089,0.2911,0.2911,0.9,0.1,0.6,False,1.62,manual,2.2,manual,,,0.6173,0.4545,0.0916,0.1483,0.05,-0.1634,-0.3595,0.0,ea48103,,True,True,logged
2026-07-25T19:16:27,wta,Hamburg,clay,2026-07-26,Tamara Korpatsch,Anna Bondar,0.4669,0.4669,0.5331,0.5331,0.9,0.1,0.6,False,1.95,manual,1.78,manual,,,0.5128,0.5618,-0.046,-0.0896,0.0,-0.0287,-0.051,0.0,ea48103,,True,True,logged
2026-07-28T16:39:40,atp,ATP Washington Open,hard,2026-07-28,Alex de Minaur,Stefanos Tsitsipas,0.67,0.67,0.33,0.33,0.9,0.1,0.6,False,1.73,auto,2.22,auto,,,0.578,0.4505,0.0919,0.1591,0.05,-0.1204,-0.2674,0.0,5d1fa5a,,True,True,passed_user_declined
2026-07-28T16:39:40,atp,ATP Washington Open,hard,2026-07-29,Aleksandar Vukic,Lorenzo Musetti,0.2468,0.2468,0.7532,0.7532,0.9,0.1,0.6,False,3.11,auto,1.41,auto,,,0.3215,0.7092,-0.0748,-0.2325,0.0,0.044,0.062,0.05,5d1fa5a,,True,True,passed_user_declined
2026-07-28T16:39:40,atp,ATP Washington Open,hard,2026-07-30,Terence Atmane,Alejandro Tabilo,0.4005,0.4005,0.5995,0.5995,0.9,0.1,0.6,False,1.87,auto,2.02,auto,,,0.5348,0.495,-0.1342,-0.251,0.0,0.1044,0.2109,0.05,5d1fa5a,,True,True,blocked_suspicious_edge
2026-07-28T16:39:40,wta,WTA Washington Open,hard,2026-07-28,Potapova A.,Williams V.,0.9003,0.9001,0.0997,0.0999,0.9,0.1,0.6,False,1.15,auto,6.12,auto,,,0.8696,0.1634,0.0306,0.0351,0.05,-0.0635,-0.3888,0.0,5d1fa5a,,True,True,passed_user_declined
2026-07-28T16:39:40,wta,WTA Washington Open,hard,2026-07-29,Krueger A.,Osaka N.,0.2513,0.2513,0.7487,0.7487,0.9,0.1,0.6,False,3.78,auto,1.31,auto,,,0.2646,0.7634,-0.0133,-0.0501,0.0,-0.0147,-0.0192,0.0,5d1fa5a,,True,True,passed_low_edge
2026-07-28T16:39:40,wta,WTA Washington Open,hard,2026-07-29,Navarro E.,Cocciaretto E.,0.6428,0.6428,0.3572,0.3572,0.9,0.1,0.6,False,1.46,auto,2.92,auto,,,0.6849,0.3425,-0.0422,-0.0615,0.0,0.0148,0.0431,0.0077,5d1fa5a,,True,True,passed_user_declined
2026-07-28T23:33:23,atp,ATP Washington Open,hard,2026-07-29,Aleksandar Vukic,Lorenzo Musetti,0.2302,0.2302,0.7698,0.7698,0.9,0.1,0.6,False,3.16,auto,1.41,auto,,,0.3165,0.7092,-0.0863,-0.2726,0.0,0.0606,0.0854,0.05,0ba0f91,,True,True,passed_user_declined
2026-07-28T23:33:23,atp,ATP Washington Open,hard,2026-07-29,Alex de Minaur,Stefanos Tsitsipas,0.6186,0.6186,0.3814,0.3814,0.9,0.1,0.6,False,1.75,auto,2.19,auto,,,0.5714,0.4566,0.0472,0.0826,0.05,-0.0753,-0.1648,0.0,0ba0f91,,True,True,passed_user_declined
2026-07-28T23:33:23,wta,WTA Washington Open,hard,2026-07-29,Navarro E.,Cocciaretto E.,0.6262,0.6262,0.3738,0.3738,0.9,0.1,0.6,False,1.46,auto,2.94,auto,,,0.6849,0.3401,-0.0587,-0.0857,0.0,0.0337,0.099,0.0174,0ba0f91,,True,True,passed_user_declined
2026-07-28T23:33:23,wta,WTA Washington Open,hard,2026-07-29,Krueger A.,Osaka N.,0.2571,0.2571,0.7429,0.7429,0.9,0.1,0.6,False,3.78,auto,1.31,auto,,,0.2646,0.7634,-0.0074,-0.0281,0.0,-0.0205,-0.0268,0.0,0ba0f91,,True,True,passed_low_edge
2026-07-28T23:39:00,atp,ATP Washington Open,hard,2026-07-29,Aleksandar Vukic,Lorenzo Musetti,0.2302,0.2302,0.7698,0.7698,0.9,0.1,0.6,False,3.16,auto,1.41,auto,,,0.3165,0.7092,-0.0863,-0.2726,0.0,0.0606,0.0854,0.05,0ba0f91,,True,True,logged
2026-07-28T23:39:01,atp,ATP Washington Open,hard,2026-07-29,Alex de Minaur,Stefanos Tsitsipas,0.6186,0.6186,0.3814,0.3814,0.9,0.1,0.6,False,1.75,auto,2.19,auto,,,0.5714,0.4566,0.0472,0.0826,0.05,-0.0753,-0.1648,0.0,0ba0f91,,True,True,logged
2026-07-28T23:39:01,wta,WTA Washington Open,hard,2026-07-29,Navarro E.,Cocciaretto E.,0.6262,0.6262,0.3738,0.3738,0.9,0.1,0.6,False,1.46,auto,2.94,auto,,,0.6849,0.3401,-0.0587,-0.0857,0.0,0.0337,0.099,0.0174,0ba0f91,,True,True,logged
2026-07-29T22:18:19,atp,ATP Washington Open,hard,2026-07-30,Brandon Nakashima,Jakub Mensik,0.38,0.38,0.62,0.62,0.9,0.1,0.6,False,2.25,auto,1.71,auto,,,0.4444,0.5848,-0.0644,-0.145,0.0,0.0352,0.0602,0.0496,2e00694,,True,True,passed_user_declined
2026-07-29T22:18:19,atp,ATP Washington Open,hard,2026-07-30,Terence Atmane,Alejandro Tabilo,0.4069,0.4069,0.5931,0.5931,0.9,0.1,0.6,False,1.89,auto,2.01,auto,,,0.5291,0.4975,-0.1222,-0.231,0.0,0.0956,0.1921,0.05,2e00694,,True,True,passed_user_declined
2026-07-29T22:18:19,atp,ATP Washington Open,hard,2026-07-30,Ugo Humbert,Ben Shelton,0.3704,0.3704,0.6296,0.6296,0.9,0.1,0.6,False,2.53,auto,1.57,auto,,,0.3953,0.6369,-0.0249,-0.0629,0.0,-0.0073,-0.0115,0.0,2e00694,,True,True,passed_low_edge
2026-07-29T22:18:19,wta,WTA Washington Open,hard,2026-07-30,Tjen J.,Kalinskaya A.,0.2971,0.2971,0.7029,0.7029,0.9,0.1,0.6,False,3.28,auto,1.38,auto,,,0.3049,0.7246,-0.0078,-0.0256,0.0,-0.0217,-0.03,0.0,2e00694,,True,True,passed_low_edge
2026-07-29T22:18:19,wta,WTA Washington Open,hard,2026-07-30,Pegula J.,Frech M.,0.9009,0.9003,0.0991,0.0997,0.9,0.1,0.6,False,1.09,auto,8.22,auto,,,0.9174,0.1217,-0.0171,-0.0186,0.0,-0.022,-0.1809,0.0,2e00694,,True,True,passed_low_edge
2026-07-29T22:18:19,wta,WTA Washington Open,hard,2026-07-30,Shnaider D.,Potapova A.,0.5311,0.5311,0.4689,0.4689,0.9,0.1,0.6,False,1.81,auto,2.1,auto,,,0.5525,0.4762,-0.0214,-0.0387,0.0,-0.0073,-0.0154,0.0,2e00694,,True,True,passed_low_edge
2026-07-29T22:18:19,wta,WTA Washington Open,hard,2026-07-31,Kudermetova P.,Svitolina E.,0.1045,0.1045,0.8955,0.8955,0.9,0.1,0.6,False,5.27,auto,1.19,auto,,,0.1898,0.8403,-0.0853,-0.4495,0.0,0.0552,0.0657,0.05,2e00694,,True,True,passed_user_declined
2026-07-29T22:21:34,wta,WTA Washington Open,hard,2026-07-30,Tjen J.,Kalinskaya A.,0.2971,0.2971,0.7029,0.7029,0.9,0.1,0.6,False,3.28,auto,1.38,auto,,,0.3049,0.7246,-0.0078,-0.0256,0.0,-0.0217,-0.0299,0.0,2e00694,,True,True,passed_low_edge
2026-07-29T22:22:27,atp,ATP Washington Open,hard,2026-07-30,Brandon Nakashima,Jakub Mensik,0.38,0.38,0.62,0.62,0.9,0.1,0.6,False,2.25,auto,1.71,auto,,,0.4444,0.5848,-0.0644,-0.145,0.0,0.0352,0.0602,0.0496,2e00694,,True,True,logged
2026-07-29T22:22:27,atp,ATP Washington Open,hard,2026-07-30,Terence Atmane,Alejandro Tabilo,0.4069,0.4069,0.5931,0.5931,0.9,0.1,0.6,False,1.89,auto,2.01,auto,,,0.5291,0.4975,-0.1222,-0.231,0.0,0.0956,0.1921,0.05,2e00694,,True,True,logged
2026-07-29T22:22:27,wta,WTA Washington Open,hard,2026-07-31,Kudermetova P.,Svitolina E.,0.1045,0.1045,0.8955,0.8955,0.9,0.1,0.6,False,5.27,auto,1.19,auto,,,0.1898,0.8403,-0.0853,-0.4495,0.0,0.0552,0.0657,0.05,2e00694,,True,True,logged
2026-07-30T23:22:46,wta,WTA Washington Open,hard,2026-07-31,Pegula J.,Kalinskaya A.,0.7553,0.7553,0.2447,0.2447,0.9,0.1,0.6,False,1.35,auto,3.43,auto,,,0.7407,0.2915,0.0145,0.0196,0.0415,-0.0468,-0.1605,0.0,0d5a5f2,,True,True,logged
2026-07-30T23:22:46,wta,WTA Washington Open,hard,2026-07-31,Cocciaretto E.,Osaka N.,0.2453,0.2453,0.7547,0.7547,0.9,0.1,0.6,False,5.94,auto,1.16,auto,,,0.1684,0.8621,0.077,0.4573,0.0156,-0.1074,-0.1246,0.0,0d5a5f2,,True,True,logged
2026-07-30T23:22:46,wta,WTA Washington Open,hard,2026-07-31,Shnaider D.,Samsonova L.,0.6187,0.6187,0.3813,0.3813,0.9,0.1,0.6,False,1.82,auto,2.08,auto,,,0.5495,0.4808,0.0693,0.1261,0.05,-0.0995,-0.2069,0.0,0d5a5f2,,True,True,logged
2026-07-31T22:43:53,atp,ATP Washington Open,hard,2026-08-01,Brandon Nakashima,Taylor Fritz,0.3211,0.3211,0.6789,0.6789,0.9,0.1,0.6,False,2.64,auto,1.54,auto,,,0.3788,0.6494,-0.0577,-0.1524,0.0,0.0296,0.0456,0.05,0d5a5f2,,True,True,logged
2026-07-31T22:43:53,wta,WTA Washington Open,hard,2026-08-01,Pegula J.,Shnaider D.,0.7774,0.7774,0.2226,0.2226,0.9,0.1,0.6,False,1.32,auto,3.71,auto,,,0.7576,0.2695,0.0198,0.0262,0.05,-0.0469,-0.1742,0.0,0d5a5f2,,True,True,logged
2026-08-01T23:11:02,atp,ATP Canadian Open,hard,2026-08-02,Adolfo Daniel Vallejo,Juncheng Shang,0.6499,0.6499,0.3501,0.3501,0.9,0.1,0.6,False,2.25,auto,1.7,auto,,,0.4444,0.5882,0.2055,0.4623,0.05,-0.2382,-0.4049,0.0,0d5a5f2,,True,True,blocked_suspicious_edge
2026-08-01T23:11:02,atp,ATP Canadian Open,hard,2026-08-02,Aleksandar Kovacevic,Nuno Borges,0.3834,0.3834,0.6166,0.6166,0.9,0.1,0.6,False,2.89,auto,1.45,auto,,,0.346,0.6897,0.0374,0.108,0.0198,-0.073,-0.1059,0.0,0d5a5f2,,True,True,passed_user_declined
2026-08-01T23:11:02,atp,ATP Canadian Open,hard,2026-08-02,Jaume Munar,Rinky Hijikata,0.6219,0.6219,0.3781,0.3781,0.9,0.1,0.6,False,1.78,auto,2.12,auto,,,0.5618,0.4717,0.0601,0.107,0.05,-0.0936,-0.1984,0.0,0d5a5f2,,True,True,passed_user_declined
2026-08-01T23:11:02,atp,ATP Canadian Open,hard,2026-08-02,Matteo Berrettini,Mariano Navone,0.6626,0.6626,0.3374,0.3374,0.9,0.1,0.6,False,1.56,auto,2.56,auto,,,0.641,0.3906,0.0216,0.0337,0.0386,-0.0532,-0.1363,0.0,0d5a5f2,,True,True,passed_user_declined
2026-08-01T23:11:02,atp,ATP Canadian Open,hard,2026-08-02,Marton Fucsovics,Corentin Moutet,0.4438,0.4438,0.5562,0.5562,0.9,0.1,0.6,False,2.05,auto,1.83,auto,,,0.4878,0.5464,-0.044,-0.0902,0.0,0.0098,0.0179,0.0118,0d5a5f2,,True,True,passed_user_declined
2026-08-01T23:11:02,atp,ATP Canadian Open,hard,2026-08-02,Alexis Galarneau,Vit Kopriva,0.3751,0.3751,0.6249,0.6249,0.9,0.1,0.6,False,1.88,auto,1.99,auto,,,0.5319,0.5025,-0.1568,-0.2948,0.0,0.1224,0.2435,0.05,0d5a5f2,,True,True,blocked_low_sample
2026-08-01T23:11:02,wta,WTA Washington Open,hard,2026-08-02,Pegula J.,Eala A.,0.7651,0.7651,0.2349,0.2349,0.9,0.1,0.6,False,1.6,auto,2.48,auto,,,0.625,0.4032,0.1401,0.2242,0.05,-0.1684,-0.4175,0.0,0d5a5f2,,True,True,blocked_suspicious_edge
2026-08-01T23:14:22,atp,ATP Canadian Open,hard,2026-08-02,Aleksandar Kovacevic,Nuno Borges,0.3834,0.3834,0.6166,0.6166,0.9,0.1,0.6,False,2.89,auto,1.45,auto,,,0.346,0.6897,0.0374,0.108,0.0198,-0.073,-0.1059,0.0,0d5a5f2,,True,True,logged
2026-08-01T23:14:22,atp,ATP Canadian Open,hard,2026-08-02,Jaume Munar,Rinky Hijikata,0.6219,0.6219,0.3781,0.3781,0.9,0.1,0.6,False,1.78,auto,2.12,auto,,,0.5618,0.4717,0.0601,0.107,0.05,-0.0936,-0.1984,0.0,0d5a5f2,,True,True,logged
2026-08-01T23:14:22,atp,ATP Canadian Open,hard,2026-08-02,Matteo Berrettini,Mariano Navone,0.6626,0.6626,0.3374,0.3374,0.9,0.1,0.6,False,1.56,auto,2.56,auto,,,0.641,0.3906,0.0216,0.0337,0.0386,-0.0532,-0.1363,0.0,0d5a5f2,,True,True,logged
2026-08-01T23:14:22,atp,ATP Canadian Open,hard,2026-08-02,Marton Fucsovics,Corentin Moutet,0.4438,0.4438,0.5562,0.5562,0.9,0.1,0.6,False,2.05,auto,1.83,auto,,,0.4878,0.5464,-0.044,-0.0902,0.0,0.0098,0.0179,0.0118,0d5a5f2,,True,True,logged
2026-08-01T23:14:22,atp,ATP Washington Open,hard,2026-08-02,Taylor Fritz,Rafael Jodar,0.5947,0.5947,0.4053,0.4053,0.9,0.1,0.6,False,1.75,auto,2.2,auto,,,0.5714,0.4545,0.0233,0.0407,0.031,-0.0492,-0.1083,0.0,0d5a5f2,,True,True,logged
2026-08-03T08:35:29,atp,ATP Canadian Open,hard,2026-08-03,James Duckworth,Christopher O'Connell,0.5164,0.5164,0.4836,0.4836,0.9,0.1,0.6,False,2.31,auto,1.68,auto,,,0.4329,0.5952,0.0835,0.1929,0.05,-0.1116,-0.1876,0.0,0d5a5f2,,True,True,logged
2026-08-03T08:35:29,atp,ATP Canadian Open,hard,2026-08-03,Alexis Galarneau,Vit Kopriva,0.3751,0.3751,0.6249,0.6249,0.9,0.1,0.6,False,1.86,auto,2.03,auto,,,0.5376,0.4926,-0.1625,-0.3023,0.0,0.1323,0.2685,0.05,0d5a5f2,,True,True,blocked_low_sample
2026-08-03T08:35:29,atp,ATP Canadian Open,hard,2026-08-03,Luca Van Assche,Titouan Droguet,0.4101,0.4101,0.5899,0.5899,0.9,0.1,0.6,False,1.88,auto,2.01,auto,,,0.5319,0.4975,-0.1218,-0.2291,0.0,0.0924,0.1857,0.05,0d5a5f2,,True,True,logged
2026-08-03T08:35:29,atp,ATP Canadian Open,hard,2026-08-03,Matteo Berrettini,Mariano Navone,0.6538,0.6538,0.3462,0.3462,0.9,0.1,0.6,False,1.53,auto,2.65,auto,,,0.6536,0.3774,0.0002,0.0003,0.0004,-0.0312,-0.0826,0.0,0d5a5f2,,True,True,passed_user_declined
2026-08-03T08:35:29,atp,ATP Canadian Open,hard,2026-08-03,Nicolas Mejia,Martin Landaluce,0.3867,0.3867,0.6133,0.6133,0.9,0.1,0.6,False,3.18,auto,1.4,auto,,,0.3145,0.7143,0.0722,0.2296,0.0331,-0.101,-0.1414,0.0,0d5a5f2,,True,True,logged
2026-08-03T08:35:29,atp,ATP Canadian Open,hard,2026-08-03,Aleksandar Vukic,Daniel Altmaier,0.5351,0.5351,0.4649,0.4649,0.9,0.1,0.6,False,1.66,auto,2.35,auto,,,0.6024,0.4255,-0.0673,-0.1117,0.0,0.0394,0.0925,0.0292,0d5a5f2,,True,True,passed_user_declined
2026-08-03T08:35:29,atp,ATP Canadian Open,hard,2026-08-03,Benjamin Bonzi,Yannick Hanfmann,0.4214,0.4214,0.5786,0.5786,0.9,0.1,0.6,False,2.11,auto,1.8,auto,,,0.4739,0.5556,-0.0525,-0.1108,0.0,0.023,0.0415,0.0288,0d5a5f2,,True,True,passed_user_declined
2026-08-03T08:35:29,atp,ATP Canadian Open,hard,2026-08-03,Sho Shimabukuro,Marin Cilic,0.4413,0.4413,0.5587,0.5587,0.9,0.1,0.6,False,2.16,auto,1.77,auto,,,0.463,0.565,-0.0216,-0.0467,0.0,-0.0063,-0.0111,0.0,0d5a5f2,,True,True,passed_low_edge
2026-08-03T08:35:30,atp,ATP Canadian Open,hard,2026-08-03,Marton Fucsovics,Corentin Moutet,0.4438,0.4438,0.5562,0.5562,0.9,0.1,0.6,False,1.98,auto,1.91,auto,,,0.5051,0.5236,-0.0613,-0.1214,0.0,0.0327,0.0624,0.0359,0d5a5f2,,True,True,passed_user_declined
2026-08-03T08:35:30,atp,ATP Canadian Open,hard,2026-08-03,Gabriel Diallo,Kyrian Jacquet,0.5703,0.5703,0.4297,0.4297,0.9,0.1,0.6,False,1.85,auto,2.05,auto,,,0.5405,0.4878,0.0298,0.0551,0.0351,-0.0581,-0.1192,0.0,0d5a5f2,,True,True,passed_user_declined
2026-08-03T08:35:30,atp,ATP Canadian Open,hard,2026-08-03,Jacob Fearnley,Adrian Mannarino,0.4267,0.4267,0.5733,0.5733,0.9,0.1,0.6,False,1.59,auto,2.5,auto,,,0.6289,0.4,-0.2022,-0.3215,0.0,0.1733,0.4332,0.05,0d5a5f2,,True,True,blocked_suspicious_edge
2026-08-03T08:35:30,atp,ATP Canadian Open,hard,2026-08-03,Alex Michelsen,Jan-Lennard Struff,0.7047,0.7047,0.2953,0.2953,0.9,0.1,0.6,False,1.35,auto,3.48,auto,,,0.7407,0.2874,-0.036,-0.0486,0.0,0.0079,0.0275,0.0032,0d5a5f2,,True,True,passed_user_declined
2026-08-03T08:35:30,atp,ATP Canadian Open,hard,2026-08-03,Camilo Ugo Carabelli,Cameron Norrie,0.3099,0.3099,0.6901,0.6901,0.9,0.1,0.6,False,4.4,auto,1.25,auto,,,0.2273,0.8,0.0826,0.3633,0.0243,-0.1099,-0.1373,0.0,0d5a5f2,,True,True,passed_user_declined
2026-08-03T08:35:30,atp,ATP Canadian Open,hard,2026-08-03,Hubert Hurkacz,Marcos Giron,0.634,0.634,0.366,0.366,0.9,0.1,0.6,False,1.56,auto,2.56,auto,,,0.641,0.3906,-0.007,-0.011,0.0,-0.0246,-0.063,0.0,0d5a5f2,,True,True,passed_low_edge
2026-08-03T08:35:30,atp,ATP Canadian Open,hard,2026-08-03,Terence Atmane,Jack Draper,0.3178,0.3178,0.6822,0.6822,0.9,0.1,0.6,False,3.11,auto,1.41,auto,,,0.3215,0.7092,-0.0038,-0.0118,0.0,-0.027,-0.038,0.0,0d5a5f2,,True,True,passed_low_edge
2026-08-03T08:35:30,atp,ATP Canadian Open,hard,2026-08-03,Adam Walton,Jenson Brooksby,0.3384,0.3384,0.6616,0.6616,0.9,0.1,0.6,False,2.13,auto,1.79,auto,,,0.4695,0.5587,-0.1311,-0.2793,0.0,0.103,0.1843,0.05,0d5a5f2,,True,True,blocked_suspicious_edge
2026-08-03T08:35:30,atp,ATP Canadian Open,hard,2026-08-03,Sebastian Baez,Mattia Bellucci,0.634,0.634,0.366,0.366,0.9,0.1,0.6,False,1.85,auto,2.05,auto,,,0.5405,0.4878,0.0934,0.1729,0.05,-0.1218,-0.2496,0.0,0d5a5f2,,True,True,logged
2026-08-03T08:35:30,atp,ATP Canadian Open,hard,2026-08-03,Giovanni Mpetshi Perricard,Botic van de Zandschulp,0.4019,0.4019,0.5981,0.5981,0.9,0.1,0.6,False,2.18,auto,1.76,auto,,,0.4587,0.5682,-0.0568,-0.1238,0.0,0.0299,0.0526,0.0393,0d5a5f2,,True,True,passed_user_declined
2026-08-03T08:35:30,atp,ATP Canadian Open,hard,2026-08-03,Shintaro Mochizuki,Fabian Marozsan,0.2872,0.2872,0.7128,0.7128,0.9,0.1,0.6,False,2.57,auto,1.56,auto,,,0.3891,0.641,-0.1019,-0.2618,0.0,0.0717,0.1119,0.05,0d5a5f2,,True,True,logged
2026-08-03T08:35:30,atp,ATP Canadian Open,hard,2026-08-03,Juan Manuel Cerundolo,Hamad Medjedovic,0.4277,0.4277,0.5723,0.5723,0.9,0.1,0.6,False,2.39,auto,1.64,auto,,,0.4184,0.6098,0.0093,0.0223,0.0067,-0.0375,-0.0615,0.0,0d5a5f2,,True,True,passed_user_declined
2026-08-03T08:35:30,atp,ATP Canadian Open,hard,2026-08-03,Lorenzo Sonego,Tallon Griekspoor,0.4445,0.4445,0.5555,0.5555,0.9,0.1,0.6,False,1.98,auto,1.91,auto,,,0.5051,0.5236,-0.0605,-0.1198,0.0,0.0319,0.0609,0.035,0d5a5f2,,True,True,passed_user_declined
2026-08-03T08:35:30,atp,ATP Canadian Open,hard,2026-08-03,Kamil Majchrzak,Gael Monfils,0.6186,0.6186,0.3814,0.3814,0.9,0.1,0.6,False,1.32,auto,3.7,auto,,,0.7576,0.2703,-0.139,-0.1835,0.0,0.1112,0.4113,0.0412,0d5a5f2,,True,True,blocked_suspicious_edge
2026-08-03T08:35:30,atp,ATP Canadian Open,hard,2026-08-03,Pablo Carreno Busta,Valentin Royer,0.5857,0.5857,0.4143,0.4143,0.9,0.1,0.6,False,1.5,auto,2.76,auto,,,0.6667,0.3623,-0.081,-0.1215,0.0,0.052,0.1435,0.0295,0d5a5f2,,True,True,passed_user_declined
2026-08-03T08:35:30,atp,ATP Washington Open,hard,2026-08-03,Taylor Fritz,Rafael Jodar,0.5947,0.5947,0.4053,0.4053,0.9,0.1,0.6,False,1.6,auto,2.52,auto,,,0.625,0.3968,-0.0303,-0.0485,0.0,0.0085,0.0214,0.0056,0d5a5f2,,True,True,passed_user_declined
2026-08-03T08:35:30,wta,WTA Canadian Open,hard,2026-08-03,Korneeva A.,Kudermetova P.,0.6177,0.6177,0.3823,0.3823,0.9,0.1,0.6,False,1.47,auto,2.85,auto,,,0.6803,0.3509,-0.0626,-0.092,0.0,0.0314,0.0895,0.017,0d5a5f2,,True,True,passed_user_declined
2026-08-03T08:35:30,wta,WTA Canadian Open,hard,2026-08-03,Kalinina A.,Bondar A.,0.5702,0.5702,0.4298,0.4298,0.9,0.1,0.6,False,1.55,auto,2.6,auto,,,0.6452,0.3846,-0.0749,-0.1162,0.0,0.0452,0.1174,0.0282,0d5a5f2,,True,True,passed_user_declined
2026-08-03T08:35:30,wta,WTA Canadian Open,hard,2026-08-03,Parry D.,Day K.,0.7555,0.7555,0.2445,0.2445,0.9,0.1,0.6,False,2.31,auto,1.67,auto,,,0.4329,0.5988,0.3226,0.7451,0.05,-0.3543,-0.5916,0.0,0d5a5f2,,True,True,blocked_suspicious_edge
2026-08-03T08:35:30,wta,WTA Canadian Open,hard,2026-08-03,Oliynykova O.,Pliskova K.,0.9211,0.9084,0.0789,0.0916,0.9,0.1,0.6,True,3.93,auto,1.29,auto,,,0.2545,0.7752,0.654,2.5701,0.05,-0.6836,-0.8819,0.0,0d5a5f2,,True,True,blocked_low_sample
2026-08-03T08:35:30,wta,WTA Canadian Open,hard,2026-08-03,Sramkova R.,Blinkova A.,0.4175,0.4175,0.5825,0.5825,0.9,0.1,0.6,False,2.27,auto,1.7,auto,,,0.4405,0.5882,-0.0231,-0.0524,0.0,-0.0057,-0.0097,0.0,0d5a5f2,,True,True,passed_low_edge
2026-08-03T08:35:30,wta,WTA Canadian Open,hard,2026-08-03,Kessler M.,Brace C.,0.7595,0.7595,0.2405,0.2405,0.9,0.1,0.6,False,1.15,auto,6.11,auto,,,0.8696,0.1637,-0.1101,-0.1266,0.0,0.0768,0.4694,0.015,0d5a5f2,,True,True,passed_user_declined
2026-08-03T08:35:30,wta,WTA Canadian Open,hard,2026-08-03,Gibson T.,Cocciaretto E.,0.5176,0.5176,0.4824,0.4824,0.9,0.1,0.6,False,2.43,auto,1.62,auto,,,0.4115,0.6173,0.1061,0.2577,0.05,-0.1349,-0.2185,0.0,0d5a5f2,,True,True,blocked_suspicious_edge
2026-08-03T08:35:30,wta,WTA Canadian Open,hard,2026-08-03,Boulter K.,Cross K.,0.7904,0.7904,0.2096,0.2096,0.9,0.1,0.6,False,1.34,auto,3.54,auto,,,0.7463,0.2825,0.0442,0.0592,0.05,-0.0729,-0.2581,0.0,0d5a5f2,,True,True,passed_user_declined
2026-08-03T08:35:30,wta,WTA Canadian Open,hard,2026-08-03,Bartunkova N.,Andreescu B.,0.7022,0.7022,0.2978,0.2978,0.9,0.1,0.6,False,1.64,auto,2.38,auto,,,0.6098,0.4202,0.0925,0.1516,0.05,-0.1224,-0.2913,0.0,0d5a5f2,,True,True,passed_user_declined
2026-08-03T08:35:30,wta,WTA Canadian Open,hard,2026-08-03,Putintseva Y.,Zhang S.,0.567,0.567,0.433,0.433,0.9,0.1,0.6,False,1.47,auto,2.88,auto,,,0.6803,0.3472,-0.1133,-0.1666,0.0,0.0858,0.2472,0.0456,0d5a5f2,,True,True,passed_user_declined
2026-08-03T08:35:30,wta,WTA Canadian Open,hard,2026-08-03,Starodubtseva Y.,Joint M.,0.4845,0.4845,0.5155,0.5155,0.9,0.1,0.6,False,1.68,auto,2.32,auto,,,0.5952,0.431,-0.1108,-0.1861,0.0,0.0845,0.196,0.05,0d5a5f2,,True,True,passed_user_declined
2026-08-03T08:35:30,wta,WTA Canadian Open,hard,2026-08-03,Zhao C.,Linette M.,0.1798,0.1798,0.8202,0.8202,0.9,0.1,0.6,False,10.49,auto,1.06,auto,,,0.0953,0.9434,0.0845,0.8863,0.0089,-0.1232,-0.1306,0.0,0d5a5f2,,True,True,passed_user_declined
2026-08-03T08:35:30,wta,WTA Canadian Open,hard,2026-08-03,Tjen J.,Samsonova L.,0.4019,0.4019,0.5981,0.5981,0.9,0.1,0.6,False,2.55,auto,1.57,auto,,,0.3922,0.6369,0.0097,0.0248,0.0063,-0.0388,-0.061,0.0,0d5a5f2,,True,True,passed_user_declined
2026-08-03T08:35:30,wta,WTA Canadian Open,hard,2026-08-03,Valentova T.,Townsend T.,0.5947,0.5947,0.4053,0.4053,0.9,0.1,0.6,False,1.51,auto,2.74,auto,,,0.6623,0.365,-0.0675,-0.1019,0.0,0.0403,0.1104,0.0232,0d5a5f2,,True,True,passed_user_declined
2026-08-03T08:35:30,wta,WTA Canadian Open,hard,2026-08-03,Udvardy P.,Lys E.,0.4352,0.4352,0.5648,0.5648,0.9,0.1,0.6,False,2.69,auto,1.52,auto,,,0.3717,0.6579,0.0634,0.1707,0.0375,-0.0931,-0.1415,0.0,0d5a5f2,,True,True,passed_user_declined
2026-08-03T08:35:30,wta,WTA Canadian Open,hard,2026-08-03,Zarazua R.,Korpatsch T.,0.3804,0.3804,0.6196,0.6196,0.9,0.1,0.6,False,1.63,auto,2.41,auto,,,0.6135,0.4149,-0.2331,-0.38,0.0,0.2047,0.4933,0.05,0d5a5f2,,True,True,blocked_suspicious_edge
2026-08-03T08:35:30,wta,WTA Canadian Open,hard,2026-08-03,Sierra S.,Stephens S.,0.8012,0.8012,0.1988,0.1988,0.9,0.1,0.6,False,1.86,auto,2.01,auto,,,0.5376,0.4975,0.2636,0.4902,0.05,-0.2987,-0.6004,0.0,0d5a5f2,,True,True,blocked_suspicious_edge
2026-08-03T08:35:30,wta,WTA Canadian Open,hard,2026-08-03,Marino R.,Sonmez Z.,0.2536,0.2536,0.7464,0.7464,0.9,0.1,0.6,False,3.72,auto,1.31,auto,,,0.2688,0.7634,-0.0153,-0.0568,0.0,-0.0169,-0.0222,0.0,0d5a5f2,,True,True,passed_low_edge
2026-08-03T08:35:30,wta,WTA Canadian Open,hard,2026-08-03,Wang X.,Kasatkina D.,0.2284,0.2284,0.7716,0.7716,0.9,0.1,0.6,False,1.92,auto,1.97,auto,,,0.5208,0.5076,-0.2924,-0.5614,0.0,0.264,0.52,0.05,0d5a5f2,,True,True,blocked_low_sample
2026-08-05T02:16:05,atp,ATP Canadian Open,hard,2026-08-05,Nicolas Mejia,Lorenzo Musetti,0.153,0.153,0.847,0.847,0.9,0.1,0.6,False,6.9,auto,1.12,auto,,,0.1449,0.8929,0.0081,0.0558,0.0014,-0.0459,-0.0514,0.0,0d5a5f2,,True,True,passed_user_declined
2026-08-05T02:16:05,atp,ATP Canadian Open,hard,2026-08-05,Valentin Vacherot,Mariano Navone,0.7177,0.7177,0.2823,0.2823,0.9,0.1,0.6,False,1.55,auto,2.6,auto,,,0.6452,0.3846,0.0725,0.1124,0.05,-0.1023,-0.2659,0.0,0d5a5f2,,True,True,logged
2026-08-05T02:16:05,atp,ATP Canadian Open,hard,2026-08-05,Nuno Borges,Tomas Martin Etcheverry,0.4568,0.4568,0.5432,0.5432,0.9,0.1,0.6,False,1.51,auto,2.73,auto,,,0.6623,0.3663,-0.2055,-0.3103,0.0,0.1769,0.4831,0.05,0d5a5f2,,True,True,blocked_suspicious_edge
2026-08-05T02:16:05,atp,ATP Canadian Open,hard,2026-08-05,Miomir Kecmanovic,Arthur Rinderknech,0.3947,0.3947,0.6053,0.6053,0.9,0.1,0.6,False,1.88,auto,2.0,auto,,,0.5319,0.5,-0.1372,-0.2579,0.0,0.1053,0.2105,0.05,0d5a5f2,,True,True,blocked_suspicious_edge
2026-08-05T02:16:05,atp,ATP Canadian Open,hard,2026-08-05,Ignacio Buse,Cameron Norrie,0.4393,0.4393,0.5607,0.5607,0.9,0.1,0.6,False,2.68,auto,1.53,auto,,,0.3731,0.6536,0.0662,0.1774,0.0394,-0.0929,-0.1422,0.0,0d5a5f2,,True,True,logged
2026-08-05T02:16:05,atp,ATP Canadian Open,hard,2026-08-05,Rafael Jodar,Corentin Moutet,0.6684,0.6684,0.3316,0.3316,0.9,0.1,0.6,False,1.33,auto,3.58,auto,,,0.7519,0.2793,-0.0835,-0.111,0.0,0.0523,0.1871,0.0203,0d5a5f2,,True,True,logged
2026-08-05T02:16:05,atp,ATP Canadian Open,hard,2026-08-05,Alex Michelsen,Francisco Cerundolo,0.4056,0.4056,0.5944,0.5944,0.9,0.1,0.6,False,1.61,auto,2.45,auto,,,0.6211,0.4082,-0.2155,-0.347,0.0,0.1862,0.4562,0.05,0d5a5f2,,True,True,blocked_suspicious_edge
2026-08-05T02:16:05,atp,ATP Canadian Open,hard,2026-08-05,Titouan Droguet,Felix Auger-Aliassime,0.218,0.218,0.782,0.782,0.9,0.1,0.6,False,4.56,auto,1.23,auto,,,0.2193,0.813,-0.0013,-0.0061,0.0,-0.031,-0.0381,0.0,0d5a5f2,,True,True,passed_low_edge
2026-08-05T02:16:05,atp,ATP Canadian Open,hard,2026-08-05,Learner Tien,Gael Monfils,0.7677,0.7677,0.2323,0.2323,0.9,0.1,0.6,False,1.38,auto,3.26,auto,,,0.7246,0.3067,0.0431,0.0595,0.05,-0.0745,-0.2428,0.0,0d5a5f2,,True,True,passed_user_declined
2026-08-05T02:16:05,wta,WTA Canadian Open,hard,2026-08-05,Kasatkina D.,Rybakina E.,0.1225,0.1225,0.8775,0.8775,0.9,0.1,0.6,False,6.78,auto,1.13,auto,,,0.1475,0.885,-0.025,-0.1696,0.0,-0.0074,-0.0084,0.0,0d5a5f2,,True,True,passed_low_edge
2026-08-05T02:16:05,wta,WTA Canadian Open,hard,2026-08-05,Korneeva A.,Navarro E.,0.3419,0.3419,0.6581,0.6581,0.9,0.1,0.6,False,2.16,auto,1.77,auto,,,0.463,0.565,-0.1211,-0.2615,0.0,0.0931,0.1649,0.05,0d5a5f2,,True,True,passed_user_declined
2026-08-05T02:16:05,wta,WTA Canadian Open,hard,2026-08-05,Jovic I.,Linette M.,0.7227,0.7227,0.2773,0.2773,0.9,0.1,0.6,False,1.27,auto,4.08,auto,,,0.7874,0.2451,-0.0647,-0.0821,0.0,0.0322,0.1313,0.0104,0d5a5f2,,True,True,passed_user_declined
2026-08-05T02:16:05,wta,WTA Canadian Open,hard,2026-08-05,Andreeva M.,Pliskova K.,0.98,0.932,0.02,0.068,0.9,0.1,0.6,True,1.28,auto,4.08,auto,,,0.7812,0.2451,0.1507,0.1929,0.05,-0.1771,-0.7225,0.0,0d5a5f2,,True,True,blocked_low_sample
2026-08-05T02:16:05,wta,WTA Canadian Open,hard,2026-08-05,Sakkari M.,Sonmez Z.,0.5551,0.5551,0.4449,0.4449,0.9,0.1,0.6,False,1.57,auto,2.54,auto,,,0.6369,0.3937,-0.0819,-0.1286,0.0,0.0512,0.1301,0.0333,0d5a5f2,,True,True,passed_user_declined
2026-08-05T23:56:24,atp,ATP Canadian Open,hard,2026-08-06,Luciano Darderi,Juncheng Shang,0.7259,0.7259,0.2741,0.2741,0.9,0.1,0.6,False,2.02,auto,1.89,auto,,,0.495,0.5291,0.2308,0.4663,0.05,-0.255,-0.4819,0.0,0d5a5f2,,True,True,blocked_suspicious_edge
2026-08-05T23:56:24,wta,WTA Canadian Open,hard,2026-08-06,Gibson T.,Alexandrova E.,0.4085,0.4085,0.5915,0.5915,0.9,0.1,0.6,False,2.3,auto,1.69,auto,,,0.4348,0.5917,-0.0263,-0.0606,0.0,-0.0002,-0.0003,0.0,0d5a5f2,,True,True,passed_low_edge
2026-08-05T23:56:24,wta,WTA Canadian Open,hard,2026-08-06,Kalinskaya A.,Shnaider D.,0.5328,0.5328,0.4672,0.4672,0.9,0.1,0.6,False,2.15,auto,1.79,auto,,,0.4651,0.5587,0.0677,0.1455,0.05,-0.0915,-0.1637,0.0,0d5a5f2,,True,True,logged
2026-08-05T23:56:24,wta,WTA Canadian Open,hard,2026-08-06,Golubic V.,Swiatek I.,0.1435,0.1435,0.8565,0.8565,0.9,0.1,0.6,False,11.9,auto,1.06,auto,,,0.084,0.9434,0.0595,0.7078,0.0055,-0.0869,-0.0921,0.0,0d5a5f2,,True,True,logged
2026-08-05T23:56:24,wta,WTA Canadian Open,hard,2026-08-06,Kostyuk M.,Keys M.,0.4929,0.4929,0.5071,0.5071,0.9,0.1,0.6,False,1.77,auto,2.18,auto,,,0.565,0.4587,-0.072,-0.1275,0.0,0.0483,0.1054,0.041,0d5a5f2,,True,True,logged
2026-08-05T23:56:24,wta,WTA Canadian Open,hard,2026-08-06,Bartunkova N.,Anisimova A.,0.3006,0.3006,0.6994,0.6994,0.9,0.1,0.6,False,2.76,auto,1.51,auto,,,0.3623,0.6623,-0.0618,-0.1704,0.0,0.0372,0.0562,0.05,0d5a5f2,,True,True,logged
2026-08-05T23:56:24,wta,WTA Canadian Open,hard,2026-08-06,Sabalenka A.,Zhang S.,0.9525,0.921,0.0475,0.079,0.9,0.1,0.6,True,1.06,auto,11.96,auto,,,0.9434,0.0836,-0.0224,-0.0237,0.0,-0.0046,-0.0553,0.0,0d5a5f2,,True,True,passed_low_edge
2026-08-05T23:56:24,wta,WTA Canadian Open,hard,2026-08-06,Svitolina E.,Potapova A.,0.6979,0.6979,0.3021,0.3021,0.9,0.1,0.6,False,1.43,auto,3.08,auto,,,0.6993,0.3247,-0.0014,-0.002,0.0,-0.0226,-0.0696,0.0,0d5a5f2,,True,True,passed_low_edge
2026-08-06T23:21:07,atp,ATP Canadian Open,hard,2026-08-07,Tallon Griekspoor,Matteo Arnaldi,0.5347,0.5347,0.4653,0.4653,0.9,0.1,0.6,False,1.64,auto,2.41,auto,,,0.6098,0.4149,-0.0751,-0.1231,0.0,0.0504,0.1214,0.0357,0d5a5f2,,True,True,passed_user_declined
2026-08-06T23:21:07,atp,ATP Canadian Open,hard,2026-08-07,Zizou Bergs,Ben Shelton,0.2752,0.2752,0.7248,0.7248,0.9,0.1,0.6,False,3.26,auto,1.39,auto,,,0.3067,0.7194,-0.0316,-0.1029,0.0,0.0054,0.0075,0.0139,0d5a5f2,,True,True,passed_user_declined
2026-08-06T23:21:07,atp,ATP Canadian Open,hard,2026-08-07,Botic van de Zandschulp,Hubert Hurkacz,0.4693,0.4693,0.5307,0.5307,0.9,0.1,0.6,False,2.99,auto,1.44,auto,,,0.3344,0.6944,0.1349,0.4032,0.05,-0.1638,-0.2358,0.0,0d5a5f2,,True,True,blocked_suspicious_edge
2026-08-06T23:21:07,atp,ATP Canadian Open,hard,2026-08-07,Terence Atmane,Jakub Mensik,0.2734,0.2734,0.7266,0.7266,0.9,0.1,0.6,False,2.92,auto,1.47,auto,,,0.3425,0.6803,-0.0691,-0.2018,0.0,0.0464,0.0682,0.05,0d5a5f2,,True,True,passed_user_declined
2026-08-06T23:21:07,atp,ATP Canadian Open,hard,2026-08-07,Casper Ruud,Joao Fonseca,0.439,0.439,0.561,0.561,0.9,0.1,0.6,False,2.22,auto,1.75,auto,,,0.4505,0.5714,-0.0114,-0.0254,0.0,-0.0104,-0.0183,0.0,0d5a5f2,,True,True,passed_low_edge
2026-08-06T23:21:07,atp,ATP Canadian Open,hard,2026-08-07,Alexei Popyrin,Thiago Agustin Tirante,0.3988,0.3988,0.6012,0.6012,0.9,0.1,0.6,False,1.79,auto,2.15,auto,,,0.5587,0.4651,-0.1599,-0.2862,0.0,0.1361,0.2926,0.05,0d5a5f2,,True,True,blocked_suspicious_edge
2026-08-06T23:21:07,atp,ATP Canadian Open,hard,2026-08-07,Learner Tien,Tommy Paul,0.487,0.487,0.513,0.513,0.9,0.1,0.6,False,2.54,auto,1.58,auto,,,0.3937,0.6329,0.0933,0.237,0.05,-0.1199,-0.1895,0.0,0d5a5f2,,True,True,passed_user_declined
2026-08-06T23:21:07,wta,WTA Canadian Open,hard,2026-08-07,Jovic I.,Korneeva A.,0.7707,0.7707,0.2293,0.2293,0.9,0.1,0.6,False,1.52,auto,2.71,auto,,,0.6579,0.369,0.1128,0.1715,0.05,-0.1397,-0.3787,0.0,0d5a5f2,,True,True,blocked_low_sample
2026-08-06T23:21:07,wta,WTA Canadian Open,hard,2026-08-07,Li A.,Rybakina E.,0.1482,0.1482,0.8518,0.8518,0.9,0.1,0.6,False,5.46,auto,1.18,auto,,,0.1832,0.8475,-0.035,-0.191,0.0,0.0044,0.0052,0.0243,0d5a5f2,,True,True,passed_user_declined
2026-08-06T23:21:07,wta,WTA Canadian Open,hard,2026-08-07,Townsend T.,Bencic B.,0.2349,0.2349,0.7651,0.7651,0.9,0.1,0.6,False,3.47,auto,1.35,auto,,,0.2882,0.7407,-0.0533,-0.1849,0.0,0.0244,0.0329,0.05,0d5a5f2,,True,True,passed_user_declined
2026-08-06T23:21:28,atp,ATP Canadian Open,hard,2026-08-07,Tallon Griekspoor,Matteo Arnaldi,0.5347,0.5347,0.4653,0.4653,0.9,0.1,0.6,False,1.64,auto,2.41,auto,,,0.6098,0.4149,-0.0751,-0.1231,0.0,0.0504,0.1214,0.0357,0d5a5f2,,True,True,logged
2026-08-06T23:21:28,atp,ATP Canadian Open,hard,2026-08-07,Zizou Bergs,Ben Shelton,0.2752,0.2752,0.7248,0.7248,0.9,0.1,0.6,False,3.26,auto,1.39,auto,,,0.3067,0.7194,-0.0316,-0.1029,0.0,0.0054,0.0075,0.0139,0d5a5f2,,True,True,logged
2026-08-06T23:21:28,atp,ATP Canadian Open,hard,2026-08-07,Terence Atmane,Jakub Mensik,0.2734,0.2734,0.7266,0.7266,0.9,0.1,0.6,False,2.92,auto,1.47,auto,,,0.3425,0.6803,-0.0691,-0.2018,0.0,0.0464,0.0682,0.05,0d5a5f2,,True,True,logged
2026-08-06T23:21:28,atp,ATP Canadian Open,hard,2026-08-07,Learner Tien,Tommy Paul,0.487,0.487,0.513,0.513,0.9,0.1,0.6,False,2.54,auto,1.58,auto,,,0.3937,0.6329,0.0933,0.237,0.05,-0.1199,-0.1895,0.0,0d5a5f2,,True,True,logged
2026-08-08T12:12:32,atp,ATP Canadian Open,hard,2026-08-08,Arthur Rinderknech,Brandon Nakashima,0.4399,0.4399,0.5601,0.5601,0.9,0.1,0.6,False,2.75,auto,1.51,auto,,,0.3636,0.6623,0.0762,0.2096,0.0436,-0.1021,-0.1542,0.0,0d5a5f2,,True,True,passed_user_declined
2026-08-08T12:12:32,atp,ATP Canadian Open,hard,2026-08-08,Jiri Lehecka,Rafael Jodar,0.5194,0.5194,0.4806,0.4806,0.9,0.1,0.6,False,2.06,auto,1.85,auto,,,0.4854,0.5405,0.034,0.07,0.0321,-0.06,-0.1109,0.0,0d5a5f2,,True,True,passed_user_declined
2026-08-08T12:12:32,atp,ATP Canadian Open,hard,2026-08-08,Arthur Fils,Cameron Norrie,0.6388,0.6388,0.3612,0.3612,0.9,0.1,0.6,False,1.4,auto,3.21,auto,,,0.7143,0.3115,-0.0755,-0.1057,0.0,0.0497,0.1594,0.0225,0d5a5f2,,True,True,passed_user_declined
2026-08-08T12:12:32,atp,ATP Canadian Open,hard,2026-08-09,Joao Fonseca,Ben Shelton,0.4317,0.4317,0.5683,0.5683,0.9,0.1,0.6,False,2.08,auto,1.82,auto,,,0.4808,0.5495,-0.049,-0.102,0.0,0.0188,0.0342,0.0229,0d5a5f2,,True,True,passed_user_declined
2026-08-08T12:12:32,atp,ATP Canadian Open,hard,2026-08-09,Botic van de Zandschulp,Jakub Mensik,0.2948,0.2948,0.7052,0.7052,0.9,0.1,0.6,False,3.35,auto,1.37,auto,,,0.2985,0.7299,-0.0037,-0.0123,0.0,-0.0248,-0.0339,0.0,0d5a5f2,,True,True,passed_low_edge
2026-08-08T12:12:32,atp,ATP Canadian Open,hard,2026-08-09,Learner Tien,Thiago Agustin Tirante,0.6953,0.6953,0.3047,0.3047,0.9,0.1,0.6,False,1.4,auto,3.15,auto,,,0.7143,0.3175,-0.0189,-0.0265,0.0,-0.0128,-0.0403,0.0,0d5a5f2,,True,True,passed_low_edge
2026-08-08T12:12:32,wta,WTA Canadian Open,hard,2026-08-08,Pegula J.,Shnaider D.,0.7774,0.7774,0.2226,0.2226,0.9,0.1,0.6,False,1.4,auto,3.24,auto,,,0.7143,0.3086,0.0631,0.0884,0.05,-0.086,-0.2788,0.0,0d5a5f2,,True,True,passed_user_declined
2026-08-08T12:12:32,wta,WTA Canadian Open,hard,2026-08-08,Sabalenka A.,Alexandrova E.,0.891,0.891,0.109,0.109,0.9,0.1,0.6,False,1.19,auto,5.55,auto,,,0.8403,0.1802,0.0507,0.0603,0.05,-0.0712,-0.3951,0.0,0d5a5f2,,True,True,passed_user_declined
2026-08-08T12:12:32,wta,WTA Canadian Open,hard,2026-08-08,Svitolina E.,Anisimova A.,0.5523,0.5523,0.4477,0.4477,0.9,0.1,0.6,False,1.68,auto,2.32,auto,,,0.5952,0.431,-0.0429,-0.0721,0.0,0.0167,0.0386,0.0126,0d5a5f2,,True,True,passed_user_declined
2026-08-08T12:13:36,atp,ATP Canadian Open,hard,2026-08-08,Arthur Rinderknech,Brandon Nakashima,0.4039,0.4039,0.5961,0.5961,0.9,0.1,0.6,False,2.75,auto,1.51,auto,,,0.3636,0.6623,0.0403,0.1108,0.023,-0.0662,-0.0999,0.0,0d5a5f2,,True,True,passed_user_declined
2026-08-08T12:13:36,atp,ATP Canadian Open,hard,2026-08-08,Jiri Lehecka,Rafael Jodar,0.4165,0.4165,0.5835,0.5835,0.9,0.1,0.6,False,2.06,auto,1.85,auto,,,0.4854,0.5405,-0.069,-0.1421,0.0,0.043,0.0795,0.05,0d5a5f2,,True,True,passed_user_declined
2026-08-08T12:13:36,atp,ATP Canadian Open,hard,2026-08-08,Arthur Fils,Cameron Norrie,0.6302,0.6302,0.3698,0.3698,0.9,0.1,0.6,False,1.4,auto,3.21,auto,,,0.7143,0.3115,-0.0841,-0.1178,0.0,0.0583,0.1872,0.0264,0d5a5f2,,True,True,passed_user_declined
2026-08-08T12:13:36,atp,ATP Canadian Open,hard,2026-08-09,Joao Fonseca,Ben Shelton,0.4442,0.4442,0.5558,0.5558,0.9,0.1,0.6,False,2.08,auto,1.82,auto,,,0.4808,0.5495,-0.0365,-0.076,0.0,0.0063,0.0115,0.0077,0d5a5f2,,True,True,passed_user_declined
2026-08-08T12:13:36,atp,ATP Canadian Open,hard,2026-08-09,Botic van de Zandschulp,Jakub Mensik,0.3239,0.3239,0.6761,0.6761,0.9,0.1,0.6,False,3.35,auto,1.37,auto,,,0.2985,0.7299,0.0253,0.0849,0.0108,-0.0538,-0.0737,0.0,0d5a5f2,,True,True,passed_user_declined
2026-08-08T12:13:36,atp,ATP Canadian Open,hard,2026-08-09,Learner Tien,Thiago Agustin Tirante,0.6538,0.6538,0.3462,0.3462,0.9,0.1,0.6,False,1.4,auto,3.15,auto,,,0.7143,0.3175,-0.0605,-0.0846,0.0,0.0287,0.0905,0.0134,0d5a5f2,,True,True,passed_user_declined
2026-08-08T12:13:36,wta,WTA Canadian Open,hard,2026-08-08,Pegula J.,Shnaider D.,0.7888,0.7888,0.2112,0.2112,0.9,0.1,0.6,False,1.4,auto,3.24,auto,,,0.7143,0.3086,0.0745,0.1043,0.05,-0.0974,-0.3156,0.0,0d5a5f2,,True,True,passed_user_declined
2026-08-08T12:13:36,wta,WTA Canadian Open,hard,2026-08-08,Sabalenka A.,Alexandrova E.,0.8972,0.8972,0.1028,0.1028,0.9,0.1,0.6,False,1.19,auto,5.55,auto,,,0.8403,0.1802,0.0569,0.0677,0.05,-0.0774,-0.4294,0.0,0d5a5f2,,True,True,passed_user_declined
2026-08-08T12:13:36,wta,WTA Canadian Open,hard,2026-08-08,Svitolina E.,Anisimova A.,0.5655,0.5655,0.4345,0.4345,0.9,0.1,0.6,False,1.68,auto,2.32,auto,,,0.5952,0.431,-0.0297,-0.05,0.0,0.0035,0.008,0.0026,0d5a5f2,,True,True,passed_user_declined
2026-08-09T22:18:25,atp,ATP Canadian Open,hard,2026-08-10,Rafael Jodar,Arthur Fils,0.5413,0.5413,0.4587,0.4587,0.9,0.1,0.6,False,1.92,auto,1.99,auto,,,0.5208,0.5025,0.0204,0.0392,0.0222,-0.0438,-0.0871,0.0,0d5a5f2,,True,True,passed_user_declined
2026-08-09T22:18:25,atp,ATP Canadian Open,hard,2026-08-10,Luciano Darderi,Brandon Nakashima,0.4345,0.4345,0.5655,0.5655,0.9,0.1,0.6,False,3.07,auto,1.43,auto,,,0.3257,0.6993,0.1088,0.3339,0.05,-0.1338,-0.1913,0.0,0d5a5f2,,True,True,blocked_suspicious_edge
2026-08-11T10:00:08,atp,ATP Canadian Open,hard,2026-08-11,Luciano Darderi,Brandon Nakashima,0.4345,0.4345,0.5655,0.5655,0.9,0.1,0.6,False,3.08,auto,1.43,auto,,,0.3247,0.6993,0.1098,0.3382,0.05,-0.1338,-0.1913,0.0,0d5a5f2,,True,True,blocked_suspicious_edge
2026-08-11T10:00:08,atp,ATP Canadian Open,hard,2026-08-11,Rafael Jodar,Arthur Fils,0.5344,0.5344,0.4656,0.4656,0.9,0.1,0.6,False,1.75,auto,2.21,auto,,,0.5714,0.4525,-0.037,-0.0648,0.0,0.0131,0.0289,0.0108,0d5a5f2,,True,True,passed_user_declined
2026-08-11T10:00:08,atp,ATP Canadian Open,hard,2026-08-11,Jakub Mensik,Ben Shelton,0.4833,0.4833,0.5167,0.5167,0.9,0.1,0.6,False,2.19,auto,1.76,auto,,,0.4566,0.5682,0.0267,0.0584,0.0224,-0.0515,-0.0906,0.0,0d5a5f2,,True,True,passed_user_declined
2026-08-11T10:00:08,atp,ATP Cincinnati Open,hard,2026-08-11,Alexander Shevchenko,Pablo Llamas Ruiz,0.5556,0.5556,0.4444,0.4444,0.9,0.1,0.6,False,1.84,auto,2.02,auto,,,0.5435,0.495,0.0121,0.0223,0.0144,-0.0506,-0.1023,0.0,0d5a5f2,,True,True,passed_user_declined
2026-08-11T10:00:08,atp,ATP Cincinnati Open,hard,2026-08-11,Dusan Lajovic,Benjamin Bonzi,0.402,0.402,0.598,0.598,0.9,0.1,0.6,False,2.7,auto,1.49,auto,,,0.3704,0.6711,0.0316,0.0854,0.0186,-0.0731,-0.109,0.0,0d5a5f2,,True,True,passed_user_declined
2026-08-11T10:00:08,atp,ATP Cincinnati Open,hard,2026-08-11,Giovanni Mpetshi Perricard,Trevor Svajda,0.7035,0.7035,0.2965,0.2965,0.9,0.1,0.6,False,1.56,auto,2.49,auto,,,0.641,0.4016,0.0625,0.0975,0.05,-0.1051,-0.2618,0.0,0d5a5f2,,True,True,passed_user_declined
2026-08-11T10:00:08,atp,ATP Cincinnati Open,hard,2026-08-11,Luca Van Assche,Gustavo Heide,0.6426,0.6426,0.3574,0.3574,0.9,0.1,0.6,False,1.27,auto,3.92,auto,,,0.7874,0.2551,-0.1449,-0.184,0.0,0.1023,0.4012,0.0351,0d5a5f2,,True,True,blocked_low_sample
2026-08-11T10:00:08,atp,ATP Cincinnati Open,hard,2026-08-11,Quentin Halys,Soonwoo Kwon,0.5274,0.5274,0.4726,0.4726,0.9,0.1,0.6,False,1.69,auto,2.21,auto,,,0.5917,0.4525,-0.0644,-0.1088,0.0,0.0202,0.0446,0.0167,0d5a5f2,,True,True,passed_user_declined
2026-08-11T10:00:08,atp,ATP Cincinnati Open,hard,2026-08-11,Kei Nishikori,Francisco Comesana,0.302,0.302,0.698,0.698,0.9,0.1,0.6,False,1.98,auto,1.86,auto,,,0.5051,0.5376,-0.2031,-0.4021,0.0,0.1604,0.2984,0.05,0d5a5f2,,True,True,blocked_suspicious_edge
2026-08-11T10:00:08,atp,ATP Cincinnati Open,hard,2026-08-11,Jaime Faria,Nikoloz Basilashvili,0.606,0.606,0.394,0.394,0.9,0.1,0.6,False,1.46,auto,2.81,auto,,,0.6849,0.3559,-0.079,-0.1153,0.0,0.0382,0.1073,0.0211,0d5a5f2,,True,True,passed_user_declined
2026-08-11T10:00:08,atp,ATP Cincinnati Open,hard,2026-08-11,Marco Trungelliti,Sebastian Ofner,0.4542,0.4542,0.5458,0.5458,0.9,0.1,0.6,False,2.4,auto,1.6,auto,,,0.4167,0.625,0.0376,0.0901,0.0268,-0.0792,-0.1267,0.0,0d5a5f2,,True,True,passed_user_declined
2026-08-11T10:00:08,atp,ATP Cincinnati Open,hard,2026-08-11,Moez Echargui,Michael Zheng,0.7487,0.7487,0.2513,0.2513,0.9,0.1,0.6,False,7.59,auto,1.09,auto,,,0.1318,0.9174,0.6169,4.6826,0.05,-0.6661,-0.7261,0.0,0d5a5f2,,True,True,blocked_low_sample
2026-08-11T10:00:08,atp,ATP Cincinnati Open,hard,2026-08-11,Alexei Popyrin,Titouan Droguet,0.5342,0.5342,0.4658,0.4658,0.9,0.1,0.6,False,1.75,auto,2.13,auto,,,0.5714,0.4695,-0.0373,-0.0652,0.0,-0.0036,-0.0077,0.0,0d5a5f2,,True,True,passed_low_edge
2026-08-11T10:00:08,atp,ATP Cincinnati Open,hard,2026-08-11,Billy Harris,Kyrian Jacquet,0.4844,0.4844,0.5156,0.5156,0.9,0.1,0.6,False,3.38,auto,1.34,auto,,,0.2959,0.7463,0.1885,0.6372,0.05,-0.2306,-0.3091,0.0,0d5a5f2,,True,True,blocked_low_sample
2026-08-11T10:00:08,atp,ATP Cincinnati Open,hard,2026-08-11,Sho Shimabukuro,Hugo Dellien,0.5343,0.5343,0.4657,0.4657,0.9,0.1,0.6,False,1.22,auto,4.44,auto,,,0.8197,0.2252,-0.2854,-0.3482,0.0,0.2405,1.0678,0.05,0d5a5f2,,True,True,blocked_suspicious_edge
2026-08-11T10:00:08,atp,ATP Cincinnati Open,hard,2026-08-11,Hugo Gaston,Nicolai Budkov Kjaer,0.4969,0.4969,0.5031,0.5031,0.9,0.1,0.6,False,1.74,auto,2.13,auto,,,0.5747,0.4695,-0.0778,-0.1354,0.0,0.0336,0.0716,0.0297,0d5a5f2,,True,True,passed_user_declined
2026-08-11T10:00:08,atp,ATP Cincinnati Open,hard,2026-08-11,J.J. Wolf,Toby Samuel,0.3555,0.3555,0.6445,0.6445,0.9,0.1,0.6,False,2.26,auto,1.67,auto,,,0.4425,0.5988,-0.087,-0.1966,0.0,0.0457,0.0764,0.05,0d5a5f2,,True,True,passed_user_declined
2026-08-11T10:00:08,atp,ATP Cincinnati Open,hard,2026-08-11,Aleksandar Vukic,Darwin Blanch,0.59,0.59,0.41,0.41,0.9,0.1,0.6,False,1.65,auto,2.28,auto,,,0.6061,0.4386,-0.0161,-0.0265,0.0,-0.0286,-0.0652,0.0,0d5a5f2,,True,True,passed_low_edge
2026-08-11T10:00:08,atp,ATP Cincinnati Open,hard,2026-08-11,Mark Lajal,Dalibor Svrcina,0.4035,0.4035,0.5965,0.5965,0.9,0.1,0.6,False,1.94,auto,1.89,auto,,,0.5155,0.5291,-0.112,-0.2173,0.0,0.0674,0.1274,0.05,0d5a5f2,,True,True,passed_user_declined
2026-08-11T10:00:08,atp,ATP Cincinnati Open,hard,2026-08-11,Marcos Giron,Henrique Rocha,0.5398,0.5398,0.4602,0.4602,0.9,0.1,0.6,False,1.46,auto,2.81,auto,,,0.6849,0.3559,-0.1451,-0.2119,0.0,0.1043,0.2932,0.05,0d5a5f2,,True,True,blocked_low_sample
2026-08-11T10:00:08,atp,ATP Cincinnati Open,hard,2026-08-11,Nicolas Mejia,Jacob Fearnley,0.4051,0.4051,0.5949,0.5949,0.9,0.1,0.6,False,3.83,auto,1.28,auto,,,0.2611,0.7812,0.144,0.5514,0.05,-0.1863,-0.2385,0.0,0d5a5f2,,True,True,blocked_suspicious_edge
2026-08-11T10:00:08,wta,WTA Canadian Open,hard,2026-08-11,Bencic B.,Gauff C.,0.3747,0.3747,0.6253,0.6253,0.9,0.1,0.6,False,2.43,auto,1.63,auto,,,0.4115,0.6135,-0.0368,-0.0894,0.0,0.0118,0.0192,0.0187,0d5a5f2,,True,True,passed_user_declined
2026-08-11T10:00:08,wta,WTA Canadian Open,hard,2026-08-11,Osaka N.,Rybakina E.,0.3286,0.3286,0.6714,0.6714,0.9,0.1,0.6,False,1.93,auto,1.97,auto,,,0.5181,0.5076,-0.1896,-0.3659,0.0,0.1638,0.3227,0.05,0d5a5f2,,True,True,blocked_suspicious_edge
2026-08-11T10:00:08,wta,WTA Cincinnati Open,hard,2026-08-11,Montgomery R.,Grabher J.,0.6505,0.6505,0.3495,0.3495,0.9,0.1,0.6,False,1.25,auto,4.11,auto,,,0.8,0.2433,-0.1495,-0.1869,0.0,0.1062,0.4364,0.0341,0d5a5f2,,True,True,blocked_suspicious_edge
2026-08-11T10:00:08,wta,WTA Cincinnati Open,hard,2026-08-11,Day K.,Preston T.,0.344,0.344,0.656,0.656,0.9,0.1,0.6,False,1.82,auto,2.03,auto,,,0.5495,0.4926,-0.2055,-0.3739,0.0,0.1634,0.3317,0.05,0d5a5f2,,True,True,blocked_low_sample
2026-08-11T10:00:08,wta,WTA Cincinnati Open,hard,2026-08-11,Tagger L.,Zhu L.,0.7181,0.7181,0.2819,0.2819,0.9,0.1,0.6,False,1.36,auto,3.27,auto,,,0.7353,0.3058,-0.0172,-0.0233,0.0,-0.024,-0.0783,0.0,0d5a5f2,,True,True,passed_low_edge
2026-08-11T10:00:08,wta,WTA Cincinnati Open,hard,2026-08-11,Zakharova A.,Stefanini L.,0.659,0.659,0.341,0.341,0.9,0.1,0.6,False,1.42,auto,2.95,auto,,,0.7042,0.339,-0.0452,-0.0642,0.0,0.002,0.0059,0.001,0d5a5f2,,True,True,passed_user_declined
2026-08-11T10:00:08,wta,WTA Cincinnati Open,hard,2026-08-11,Iatcenko P.,Liu C.,0.4435,0.4435,0.5565,0.5565,0.9,0.1,0.6,False,2.61,auto,1.52,auto,,,0.3831,0.6579,0.0604,0.1576,0.0375,-0.1014,-0.1541,0.0,0d5a5f2,,True,True,passed_user_declined
2026-08-11T10:00:08,wta,WTA Cincinnati Open,hard,2026-08-11,Sakatsume H.,Jeanjean L.,0.5748,0.5748,0.4252,0.4252,0.9,0.1,0.6,False,2.53,auto,1.54,auto,,,0.3953,0.6494,0.1795,0.4542,0.05,-0.2241,-0.3452,0.0,0d5a5f2,,True,True,blocked_low_sample
2026-08-11T10:00:08,wta,WTA Cincinnati Open,hard,2026-08-11,Selekhmeteva O.,Mandlik E.,0.6429,0.6429,0.3571,0.3571,0.9,0.1,0.6,False,1.68,auto,2.23,auto,,,0.5952,0.4484,0.0477,0.0801,0.05,-0.0913,-0.2037,0.0,0d5a5f2,,True,True,passed_user_declined
2026-08-11T10:00:08,wta,WTA Cincinnati Open,hard,2026-08-11,Stoiana M.,Erjavec V.,0.5225,0.5225,0.4775,0.4775,0.9,0.1,0.6,False,1.4,auto,3.03,auto,,,0.7143,0.33,-0.1918,-0.2685,0.0,0.1475,0.4468,0.05,0d5a5f2,,True,True,blocked_low_sample
2026-08-11T10:00:08,wta,WTA Cincinnati Open,hard,2026-08-11,Marino R.,Charaeva A.,0.3598,0.3598,0.6402,0.6402,0.9,0.1,0.6,False,2.77,auto,1.47,auto,,,0.361,0.6803,-0.0012,-0.0033,0.0,-0.0401,-0.0589,0.0,0d5a5f2,,True,True,passed_low_edge
2026-08-11T10:00:09,wta,WTA Cincinnati Open,hard,2026-08-11,Korneeva A.,Lepchenko V.,0.6528,0.6528,0.3472,0.3472,0.9,0.1,0.6,False,1.13,auto,6.24,auto,,,0.885,0.1603,-0.2321,-0.2623,0.0,0.1869,1.1664,0.0357,0d5a5f2,,True,True,blocked_low_sample
2026-08-11T10:00:09,wta,WTA Cincinnati Open,hard,2026-08-11,Sramkova R.,Jacquemot E.,0.4657,0.4657,0.5343,0.5343,0.9,0.1,0.6,False,1.43,auto,2.9,auto,,,0.6993,0.3448,-0.2336,-0.3341,0.0,0.1895,0.5495,0.05,0d5a5f2,,True,True,blocked_suspicious_edge
2026-08-11T10:00:09,wta,WTA Cincinnati Open,hard,2026-08-11,Vandewinkel H.,Urhobo A.,0.5565,0.5565,0.4435,0.4435,0.9,0.1,0.6,False,1.32,auto,3.53,auto,,,0.7576,0.2833,-0.2011,-0.2654,0.0,0.1602,0.5655,0.05,0d5a5f2,,True,True,blocked_low_sample
2026-08-11T10:00:09,wta,WTA Cincinnati Open,hard,2026-08-11,Salkova D.,Blinkova A.,0.5719,0.5719,0.4281,0.4281,0.9,0.1,0.6,False,2.04,auto,1.81,auto,,,0.4902,0.5525,0.0817,0.1667,0.05,-0.1244,-0.2252,0.0,0d5a5f2,,True,True,passed_user_declined
2026-08-11T10:00:09,wta,WTA Cincinnati Open,hard,2026-08-11,Sierra S.,Ito A.,0.6827,0.6827,0.3173,0.3173,0.9,0.1,0.6,False,1.34,auto,3.38,auto,,,0.7463,0.2959,-0.0635,-0.0851,0.0,0.0214,0.0723,0.009,0d5a5f2,,True,True,passed_user_declined
2026-08-11T10:00:09,wta,WTA Cincinnati Open,hard,2026-08-11,Dart H.,Uchijima M.,0.6325,0.6325,0.3675,0.3675,0.9,0.1,0.6,False,2.31,auto,1.64,auto,,,0.4329,0.6098,0.1996,0.461,0.05,-0.2422,-0.3973,0.0,0d5a5f2,,True,True,blocked_suspicious_edge
2026-08-11T10:00:09,wta,WTA Cincinnati Open,hard,2026-08-11,Lys E.,Kawa K.,0.6175,0.6175,0.3825,0.3825,0.9,0.1,0.6,False,1.4,auto,3.03,auto,,,0.7143,0.33,-0.0968,-0.1355,0.0,0.0525,0.159,0.0258,0d5a5f2,,True,True,passed_user_declined
2026-08-11T10:00:09,wta,WTA Cincinnati Open,hard,2026-08-11,Arango E.,Sasnovich A.,0.4723,0.4723,0.5277,0.5277,0.9,0.1,0.6,False,2.56,auto,1.53,auto,,,0.3906,0.6536,0.0816,0.209,0.05,-0.1259,-0.1926,0.0,0d5a5f2,,True,True,passed_user_declined
2026-08-11T10:00:09,wta,WTA Cincinnati Open,hard,2026-08-11,Wang X.,Andreescu B.,0.3555,0.3555,0.6445,0.6445,0.9,0.1,0.6,False,1.71,auto,2.19,auto,,,0.5848,0.4566,-0.2293,-0.392,0.0,0.1879,0.4114,0.05,0d5a5f2,,True,True,blocked_low_sample
2026-08-11T10:00:09,wta,WTA Cincinnati Open,hard,2026-08-11,Podoroska N.,Seidel E.,0.2665,0.2665,0.7335,0.7335,0.9,0.1,0.6,False,2.67,auto,1.5,auto,,,0.3745,0.6667,-0.1081,-0.2885,0.0,0.0669,0.1003,0.05,0d5a5f2,,True,True,passed_user_declined
2026-08-12T10:24:14,atp,ATP Canadian Open,hard,2026-08-12,Rafael Jodar,Brandon Nakashima,0.6536,0.6536,0.3464,0.3464,0.9,0.1,0.6,False,1.48,auto,2.84,auto,,,0.6757,0.3521,-0.022,-0.0326,0.0,-0.0058,-0.0163,0.0,0d5a5f2,,True,True,passed_low_edge
2026-08-12T10:24:14,atp,ATP Canadian Open,hard,2026-08-12,Learner Tien,Ben Shelton,0.4854,0.4854,0.5146,0.5146,0.9,0.1,0.6,False,2.76,auto,1.5,auto,,,0.3623,0.6667,0.1231,0.3397,0.05,-0.1521,-0.2281,0.0,0d5a5f2,,True,True,blocked_suspicious_edge
2026-08-12T10:24:14,atp,ATP Cincinnati Open,hard,2026-08-12,Alexander Shevchenko,Christopher O'Connell,0.5242,0.5242,0.4758,0.4758,0.9,0.1,0.6,False,1.81,auto,2.05,auto,,,0.5525,0.4878,-0.0282,-0.0511,0.0,-0.0121,-0.0247,0.0,0d5a5f2,,True,True,passed_low_edge
2026-08-12T10:24:14,atp,ATP Cincinnati Open,hard,2026-08-12,Luca Van Assche,Dusan Lajovic,0.5763,0.5763,0.4237,0.4237,0.9,0.1,0.6,False,1.36,auto,3.27,auto,,,0.7353,0.3058,-0.159,-0.2163,0.0,0.1179,0.3856,0.05,0d5a5f2,,True,True,blocked_suspicious_edge
2026-08-12T10:24:14,atp,ATP Cincinnati Open,hard,2026-08-12,Aleksandar Vukic,Darwin Blanch,0.5795,0.5795,0.4205,0.4205,0.9,0.1,0.6,False,1.56,auto,2.51,auto,,,0.641,0.3984,-0.0615,-0.096,0.0,0.0221,0.0555,0.0146,0d5a5f2,,True,True,blocked_low_sample
2026-08-12T10:24:14,atp,ATP Cincinnati Open,hard,2026-08-12,Mark Lajal,Dalibor Svrcina,0.4035,0.4035,0.5965,0.5965,0.9,0.1,0.6,False,2.01,auto,1.85,auto,,,0.4975,0.5405,-0.094,-0.189,0.0,0.056,0.1036,0.05,0d5a5f2,,True,True,blocked_low_sample
2026-08-12T10:24:14,atp,ATP Cincinnati Open,hard,2026-08-12,Marcos Giron,Henrique Rocha,0.5205,0.5205,0.4795,0.4795,0.9,0.1,0.6,False,1.43,auto,2.93,auto,,,0.6993,0.3413,-0.1788,-0.2557,0.0,0.1382,0.405,0.05,0d5a5f2,,True,True,blocked_low_sample
2026-08-12T10:24:14,atp,ATP Cincinnati Open,hard,2026-08-12,Nicolas Mejia,Jacob Fearnley,0.4025,0.4025,0.5975,0.5975,0.9,0.1,0.6,False,3.54,auto,1.32,auto,,,0.2825,0.7576,0.12,0.4248,0.0472,-0.1601,-0.2113,0.0,0d5a5f2,,True,True,blocked_suspicious_edge
2026-08-12T10:24:14,atp,ATP Cincinnati Open,hard,2026-08-12,Marco Trungelliti,Kei Nishikori,0.6313,0.6313,0.3687,0.3687,0.9,0.1,0.6,False,2.14,auto,1.75,auto,,,0.4673,0.5714,0.164,0.3509,0.05,-0.2027,-0.3547,0.0,0d5a5f2,,True,True,blocked_suspicious_edge
2026-08-12T10:24:14,atp,ATP Cincinnati Open,hard,2026-08-12,Trevor Svajda,Michael Zheng,0.6024,0.6024,0.3976,0.3976,0.9,0.1,0.6,False,3.06,auto,1.4,auto,,,0.3268,0.7143,0.2756,0.8433,0.05,-0.3167,-0.4433,0.0,0d5a5f2,,True,True,blocked_low_sample
2026-08-12T10:24:14,atp,ATP Cincinnati Open,hard,2026-08-12,Nicolai Budkov Kjaer,Kyrian Jacquet,0.5337,0.5337,0.4663,0.4663,0.9,0.1,0.6,False,2.67,auto,1.51,auto,,,0.3745,0.6623,0.1592,0.425,0.05,-0.196,-0.2959,0.0,0d5a5f2,,True,True,blocked_low_sample
2026-08-12T10:24:14,atp,ATP Cincinnati Open,hard,2026-08-12,Sho Shimabukuro,J.J. Wolf,0.5464,0.5464,0.4536,0.4536,0.9,0.1,0.6,False,2.14,auto,1.75,auto,,,0.4673,0.5714,0.0792,0.1694,0.05,-0.1179,-0.2063,0.0,0d5a5f2,,True,True,passed_user_declined
2026-08-12T10:24:14,atp,ATP Cincinnati Open,hard,2026-08-13,Alex Michelsen,Jesper De Jong,0.7006,0.7006,0.2994,0.2994,0.9,0.1,0.6,False,1.21,auto,4.84,auto,,,0.8264,0.2066,-0.1258,-0.1523,0.0,0.0928,0.449,0.0242,0d5a5f2,,True,True,blocked_low_sample
2026-08-12T10:24:14,wta,WTA Canadian Open,hard,2026-08-12,Svitolina E.,Swiatek I.,0.4433,0.4433,0.5567,0.5567,0.9,0.1,0.6,False,2.99,auto,1.45,auto,,,0.3344,0.6897,0.1089,0.3255,0.05,-0.133,-0.1928,0.0,0d5a5f2,,True,True,blocked_suspicious_edge
2026-08-12T10:24:14,wta,WTA Canadian Open,hard,2026-08-12,Gauff C.,Rybakina E.,0.4502,0.4502,0.5498,0.5498,0.9,0.1,0.6,False,1.79,auto,2.12,auto,,,0.5587,0.4717,-0.1084,-0.1941,0.0,0.0781,0.1655,0.05,0d5a5f2,,True,True,passed_user_declined
2026-08-12T10:24:14,wta,WTA Cincinnati Open,hard,2026-08-12,Kraus S.,Liu C.,0.4045,0.4045,0.5955,0.5955,0.9,0.1,0.6,False,2.41,auto,1.6,auto,,,0.4149,0.625,-0.0104,-0.0252,0.0,-0.0295,-0.0472,0.0,0d5a5f2,,True,True,blocked_low_sample
2026-08-12T10:24:14,wta,WTA Cincinnati Open,hard,2026-08-12,Stefanini L.,Jeanjean L.,0.484,0.484,0.516,0.516,0.9,0.1,0.6,False,1.81,auto,2.06,auto,,,0.5525,0.4854,-0.0685,-0.124,0.0,0.0306,0.063,0.0288,0d5a5f2,,True,True,passed_user_declined
2026-08-12T10:24:15,wta,WTA Cincinnati Open,hard,2026-08-12,Selekhmeteva O.,Stoiana M.,0.5498,0.5498,0.4502,0.4502,0.9,0.1,0.6,False,2.38,auto,1.62,auto,,,0.4202,0.6173,0.1296,0.3084,0.05,-0.167,-0.2706,0.0,0d5a5f2,,True,True,blocked_low_sample
2026-08-12T10:24:15,wta,WTA Cincinnati Open,hard,2026-08-12,Arango E.,Sasnovich A.,0.4723,0.4723,0.5277,0.5277,0.9,0.1,0.6,False,2.54,auto,1.55,auto,,,0.3937,0.6452,0.0786,0.1996,0.05,-0.1174,-0.182,0.0,0d5a5f2,,True,True,passed_user_declined
2026-08-12T10:24:15,wta,WTA Cincinnati Open,hard,2026-08-12,Wang X.,Andreescu B.,0.3555,0.3555,0.6445,0.6445,0.9,0.1,0.6,False,1.78,auto,2.1,auto,,,0.5618,0.4762,-0.2063,-0.3672,0.0,0.1683,0.3534,0.05,0d5a5f2,,True,True,blocked_low_sample
2026-08-12T10:24:15,wta,WTA Cincinnati Open,hard,2026-08-12,Podoroska N.,Seidel E.,0.2665,0.2665,0.7335,0.7335,0.9,0.1,0.6,False,2.65,auto,1.51,auto,,,0.3774,0.6623,-0.1109,-0.2939,0.0,0.0713,0.1076,0.05,0d5a5f2,,True,True,passed_user_declined
2026-08-12T10:24:15,wta,WTA Cincinnati Open,hard,2026-08-12,Yuan Y.,Day K.,0.648,0.648,0.352,0.352,0.9,0.1,0.6,False,2.4,auto,1.61,auto,,,0.4167,0.6211,0.2314,0.5553,0.05,-0.2692,-0.4334,0.0,0d5a5f2,,True,True,blocked_suspicious_edge
2026-08-12T10:24:15,wta,WTA Cincinnati Open,hard,2026-08-12,Tararudee L.,Sawangkaew M.,0.5271,0.5271,0.4729,0.4729,0.9,0.1,0.6,False,1.6,auto,2.43,auto,,,0.625,0.4115,-0.0979,-0.1567,0.0,0.0614,0.1492,0.0429,0d5a5f2,,True,True,blocked_low_sample
2026-08-12T10:24:15,wta,WTA Cincinnati Open,hard,2026-08-12,Tagger L.,Montgomery R.,0.6483,0.6483,0.3517,0.3517,0.9,0.1,0.6,False,1.64,auto,2.34,auto,,,0.6098,0.4274,0.0385,0.0632,0.05,-0.0756,-0.177,0.0,0d5a5f2,,True,True,blocked_low_sample
2026-08-12T10:24:15,wta,WTA Cincinnati Open,hard,2026-08-12,Korneeva A.,Charaeva A.,0.5695,0.5695,0.4305,0.4305,0.9,0.1,0.6,False,1.27,auto,4.02,auto,,,0.7874,0.2488,-0.2179,-0.2768,0.0,0.1818,0.7308,0.05,0d5a5f2,,True,True,blocked_low_sample
2026-08-12T10:24:15,wta,WTA Cincinnati Open,hard,2026-08-12,Ito A.,Dart H.,0.4456,0.4456,0.5544,0.5544,0.9,0.1,0.6,False,2.29,auto,1.66,auto,,,0.4367,0.6024,0.0089,0.0204,0.0069,-0.048,-0.0797,0.0,0d5a5f2,,True,True,blocked_low_sample
2026-08-12T10:24:15,wta,WTA Cincinnati Open,hard,2026-08-12,Lys E.,Blinkova A.,0.6185,0.6185,0.3815,0.3815,0.9,0.1,0.6,False,1.79,auto,2.06,auto,,,0.5587,0.4854,0.0598,0.1071,0.05,-0.1039,-0.2141,0.0,0d5a5f2,,True,True,passed_user_declined
2026-08-12T10:24:15,wta,WTA Cincinnati Open,hard,2026-08-13,Parks A.,Golubic V.,0.4403,0.4403,0.5597,0.5597,0.9,0.1,0.6,False,2.52,auto,1.57,auto,,,0.3968,0.6369,0.0435,0.1097,0.0286,-0.0773,-0.1213,0.0,0d5a5f2,,True,True,passed_user_declined
2026-08-12T10:24:15,wta,WTA Cincinnati Open,hard,2026-08-13,Bucsa C.,Udvardy P.,0.4659,0.4659,0.5341,0.5341,0.9,0.1,0.6,False,1.61,auto,2.42,auto,,,0.6211,0.4132,-0.1552,-0.2499,0.0,0.1209,0.2926,0.05,0d5a5f2,,True,True,blocked_suspicious_edge
2026-08-12T10:24:15,wta,WTA Cincinnati Open,hard,2026-08-13,Snigur D.,Starodubtseva Y.,0.6308,0.6308,0.3692,0.3692,0.9,0.1,0.6,False,1.56,auto,2.55,auto,,,0.641,0.3922,-0.0102,-0.0159,0.0,-0.023,-0.0586,0.0,0d5a5f2,,True,True,passed_low_edge
2026-08-12T10:24:15,wta,WTA Cincinnati Open,hard,2026-08-13,Timofeeva M.,Siniakova K.,0.3411,0.3411,0.6589,0.6589,0.9,0.1,0.6,False,2.61,auto,1.54,auto,,,0.3831,0.6494,-0.0421,-0.1098,0.0,0.0096,0.0148,0.0178,0d5a5f2,,True,True,passed_user_declined
2026-08-12T10:24:15,wta,WTA Cincinnati Open,hard,2026-08-13,Putintseva Y.,Samsonova L.,0.4774,0.4774,0.5226,0.5226,0.9,0.1,0.6,False,3.32,auto,1.36,auto,,,0.3012,0.7353,0.1762,0.585,0.05,-0.2127,-0.2893,0.0,0d5a5f2,,True,True,blocked_suspicious_edge
2026-08-12T10:24:15,wta,WTA Cincinnati Open,hard,2026-08-13,Joint M.,Korpatsch T.,0.5148,0.5148,0.4852,0.4852,0.9,0.1,0.6,False,1.39,auto,3.18,auto,,,0.7194,0.3145,-0.2046,-0.2845,0.0,0.1708,0.543,0.05,0d5a5f2,,True,True,blocked_suspicious_edge
2026-08-12T10:24:15,wta,WTA Cincinnati Open,hard,2026-08-13,Vidmanova D.,Kalinina A.,0.4576,0.4576,0.5424,0.5424,0.9,0.1,0.6,False,2.01,auto,1.86,auto,,,0.4975,0.5376,-0.0399,-0.0802,0.0,0.0048,0.0088,0.0055,0d5a5f2,,True,True,blocked_low_sample
2026-08-12T10:24:15,wta,WTA Cincinnati Open,hard,2026-08-13,Ruzic A.,Frech M.,0.4942,0.4942,0.5058,0.5058,0.9,0.1,0.6,False,2.39,auto,1.62,auto,,,0.4184,0.6173,0.0758,0.1812,0.05,-0.1115,-0.1807,0.0,0d5a5f2,,True,True,passed_user_declined
2026-08-12T10:24:15,wta,WTA Cincinnati Open,hard,2026-08-13,Krueger A.,Boisson L.,0.5899,0.5899,0.4101,0.4101,0.9,0.1,0.6,False,1.4,auto,3.14,auto,,,0.7143,0.3185,-0.1244,-0.1742,0.0,0.0917,0.2878,0.0428,0d5a5f2,,True,True,passed_user_declined
2026-08-12T10:24:15,wta,WTA Cincinnati Open,hard,2026-08-13,Parry D.,Dolehide C.,0.6688,0.6688,0.3312,0.3312,0.9,0.1,0.6,False,1.94,auto,1.93,auto,,,0.5155,0.5181,0.1533,0.2975,0.05,-0.1869,-0.3608,0.0,0d5a5f2,,True,True,blocked_suspicious_edge
2026-08-12T10:24:15,wta,WTA Cincinnati Open,hard,2026-08-13,Kasatkina D.,Sonmez Z.,0.4977,0.4977,0.5023,0.5023,0.9,0.1,0.6,False,1.68,auto,2.27,auto,,,0.5952,0.4405,-0.0976,-0.1639,0.0,0.0618,0.1403,0.0487,0d5a5f2,,True,True,passed_user_declined
2026-08-12T10:24:15,wta,WTA Cincinnati Open,hard,2026-08-13,Maria T.,Yastremska D.,0.4491,0.4491,0.5509,0.5509,0.9,0.1,0.6,False,1.96,auto,1.91,auto,,,0.5102,0.5236,-0.0611,-0.1197,0.0,0.0273,0.0522,0.03,0d5a5f2,,True,True,passed_user_declined
2026-08-12T10:24:15,wta,WTA Cincinnati Open,hard,2026-08-13,Kalieva E.,Oliynykova O.,0.3567,0.3567,0.6433,0.6433,0.9,0.1,0.6,False,1.5,auto,2.74,auto,,,0.6667,0.365,-0.31,-0.465,0.0,0.2784,0.7627,0.05,0d5a5f2,,True,True,blocked_low_sample
2026-08-12T10:24:15,wta,WTA Cincinnati Open,hard,2026-08-13,Rakhimova K.,Birrell K.,0.3849,0.3849,0.6151,0.6151,0.9,0.1,0.6,False,2.01,auto,1.87,auto,,,0.4975,0.5348,-0.1126,-0.2263,0.0,0.0803,0.1502,0.05,0d5a5f2,,True,True,passed_user_declined
2026-08-12T10:24:15,wta,WTA Cincinnati Open,hard,2026-08-13,Boulter K.,Volynets K.,0.6562,0.6562,0.3438,0.3438,0.9,0.1,0.6,False,2.02,auto,1.85,auto,,,0.495,0.5405,0.1612,0.3256,0.05,-0.1968,-0.3641,0.0,0d5a5f2,,True,True,blocked_suspicious_edge
2026-08-12T10:24:15,wta,WTA Cincinnati Open,hard,2026-08-13,Waltert S.,Marcinko P.,0.3333,0.3333,0.6667,0.6667,0.9,0.1,0.6,False,2.14,auto,1.77,auto,,,0.4673,0.565,-0.134,-0.2868,0.0,0.1018,0.1801,0.05,0d5a5f2,,True,True,blocked_suspicious_edge
2026-08-12T11:30:08,atp,ATP Canadian Open,hard,2026-08-12,Rafael Jodar,Brandon Nakashima,0.6536,0.6536,0.3464,0.3464,0.9,0.1,0.6,False,1.48,auto,2.86,auto,,,0.6757,0.3497,-0.022,-0.0326,0.0,-0.0033,-0.0094,0.0,7f88b2f,,True,True,passed_low_edge
2026-08-12T11:30:08,atp,ATP Canadian Open,hard,2026-08-12,Learner Tien,Ben Shelton,0.4854,0.4854,0.5146,0.5146,0.9,0.1,0.6,False,2.76,auto,1.5,auto,,,0.3623,0.6667,0.1231,0.3397,0.05,-0.1521,-0.2281,0.0,7f88b2f,,True,True,blocked_suspicious_edge
2026-08-12T11:30:08,atp,ATP Cincinnati Open,hard,2026-08-12,Aleksandar Vukic,Darwin Blanch,0.5795,0.5795,0.4205,0.4205,0.9,0.1,0.6,False,1.54,auto,2.56,auto,,,0.6494,0.3906,-0.0699,-0.1076,0.0,0.0299,0.0765,0.0192,7f88b2f,,True,True,blocked_low_sample
2026-08-12T11:30:08,atp,ATP Cincinnati Open,hard,2026-08-12,Mark Lajal,Dalibor Svrcina,0.4035,0.4035,0.5965,0.5965,0.9,0.1,0.6,False,2.01,auto,1.85,auto,,,0.4975,0.5405,-0.094,-0.189,0.0,0.056,0.1036,0.05,7f88b2f,,True,True,blocked_low_sample
2026-08-12T11:30:08,atp,ATP Cincinnati Open,hard,2026-08-12,Marcos Giron,Henrique Rocha,0.5205,0.5205,0.4795,0.4795,0.9,0.1,0.6,False,1.43,auto,2.94,auto,,,0.6993,0.3401,-0.1788,-0.2557,0.0,0.1394,0.4098,0.05,7f88b2f,,True,True,blocked_low_sample
2026-08-12T11:30:08,atp,ATP Cincinnati Open,hard,2026-08-12,Nicolas Mejia,Jacob Fearnley,0.4025,0.4025,0.5975,0.5975,0.9,0.1,0.6,False,3.44,auto,1.34,auto,,,0.2907,0.7463,0.1118,0.3846,0.0458,-0.1488,-0.1993,0.0,7f88b2f,,True,True,blocked_suspicious_edge
2026-08-12T11:30:08,atp,ATP Cincinnati Open,hard,2026-08-12,Marco Trungelliti,Kei Nishikori,0.6313,0.6313,0.3687,0.3687,0.9,0.1,0.6,False,2.14,auto,1.75,auto,,,0.4673,0.5714,0.164,0.3509,0.05,-0.2027,-0.3547,0.0,7f88b2f,,True,True,blocked_suspicious_edge
2026-08-12T11:30:08,atp,ATP Cincinnati Open,hard,2026-08-12,Trevor Svajda,Michael Zheng,0.6024,0.6024,0.3976,0.3976,0.9,0.1,0.6,False,3.06,auto,1.4,auto,,,0.3268,0.7143,0.2756,0.8433,0.05,-0.3167,-0.4433,0.0,7f88b2f,,True,True,blocked_low_sample
2026-08-12T11:30:08,atp,ATP Cincinnati Open,hard,2026-08-12,Alexander Shevchenko,Christopher O'Connell,0.5242,0.5242,0.4758,0.4758,0.9,0.1,0.6,False,1.81,auto,2.05,auto,,,0.5525,0.4878,-0.0282,-0.0511,0.0,-0.0121,-0.0247,0.0,7f88b2f,,True,True,passed_low_edge
2026-08-12T11:30:08,atp,ATP Cincinnati Open,hard,2026-08-12,Luca Van Assche,Dusan Lajovic,0.5763,0.5763,0.4237,0.4237,0.9,0.1,0.6,False,1.36,auto,3.27,auto,,,0.7353,0.3058,-0.159,-0.2163,0.0,0.1179,0.3856,0.05,7f88b2f,,True,True,blocked_suspicious_edge
2026-08-12T11:30:08,atp,ATP Cincinnati Open,hard,2026-08-12,Nicolai Budkov Kjaer,Kyrian Jacquet,0.5337,0.5337,0.4663,0.4663,0.9,0.1,0.6,False,2.7,auto,1.5,auto,,,0.3704,0.6667,0.1633,0.441,0.05,-0.2004,-0.3006,0.0,7f88b2f,,True,True,blocked_low_sample
2026-08-12T11:30:08,atp,ATP Cincinnati Open,hard,2026-08-12,Sho Shimabukuro,J.J. Wolf,0.5464,0.5464,0.4536,0.4536,0.9,0.1,0.6,False,2.14,auto,1.75,auto,,,0.4673,0.5714,0.0792,0.1694,0.05,-0.1179,-0.2063,0.0,7f88b2f,,True,True,passed_user_declined
2026-08-12T11:30:08,atp,ATP Cincinnati Open,hard,2026-08-13,Denis Shapovalov,Adrian Mannarino,0.7039,0.7039,0.2961,0.2961,0.9,0.1,0.6,False,1.58,auto,2.49,auto,,,0.6329,0.4016,0.071,0.1122,0.05,-0.1055,-0.2628,0.0,7f88b2f,,True,True,passed_user_declined
2026-08-12T11:30:08,atp,ATP Cincinnati Open,hard,2026-08-13,Aleksandar Kovacevic,Karen Khachanov,0.2848,0.2848,0.7152,0.7152,0.9,0.1,0.6,False,3.14,auto,1.4,auto,,,0.3185,0.7143,-0.0336,-0.1056,0.0,0.0009,0.0012,0.0022,7f88b2f,,True,True,passed_user_declined
2026-08-12T11:30:08,atp,ATP Cincinnati Open,hard,2026-08-13,Alex Michelsen,Jesper De Jong,0.7006,0.7006,0.2994,0.2994,0.9,0.1,0.6,False,1.21,auto,4.84,auto,,,0.8264,0.2066,-0.1258,-0.1523,0.0,0.0928,0.449,0.0242,7f88b2f,,True,True,blocked_low_sample
2026-08-12T11:30:08,atp,ATP Cincinnati Open,hard,2026-08-13,Botic van de Zandschulp,Tallon Griekspoor,0.4592,0.4592,0.5408,0.5408,0.9,0.1,0.6,False,1.84,auto,2.04,auto,,,0.5435,0.4902,-0.0843,-0.1551,0.0,0.0506,0.1033,0.0487,7f88b2f,,True,True,passed_user_declined
2026-08-12T11:30:08,atp,ATP Cincinnati Open,hard,2026-08-13,Cameron Norrie,Dino Prizmic,0.6693,0.6693,0.3307,0.3307,0.9,0.1,0.6,False,1.65,auto,2.34,auto,,,0.6061,0.4274,0.0633,0.1044,0.05,-0.0967,-0.2262,0.0,7f88b2f,,True,True,passed_user_declined
2026-08-12T11:30:08,atp,ATP Cincinnati Open,hard,2026-08-13,Camilo Ugo Carabelli,Miomir Kecmanovic,0.4118,0.4118,0.5882,0.5882,0.9,0.1,0.6,False,3.37,auto,1.36,auto,,,0.2967,0.7353,0.1151,0.3879,0.0486,-0.1471,-0.2001,0.0,7f88b2f,,True,True,blocked_suspicious_edge
2026-08-12T11:30:08,atp,ATP Cincinnati Open,hard,2026-08-13,Corentin Moutet,Hubert Hurkacz,0.3875,0.3875,0.6125,0.6125,0.9,0.1,0.6,False,2.99,auto,1.43,auto,,,0.3344,0.6993,0.053,0.1585,0.0266,-0.0868,-0.1241,0.0,7f88b2f,,True,True,passed_user_declined
2026-08-12T11:30:08,atp,ATP Cincinnati Open,hard,2026-08-13,Rinky Hijikata,Gael Monfils,0.3805,0.3805,0.6195,0.6195,0.9,0.1,0.6,False,2.25,auto,1.7,auto,,,0.4444,0.5882,-0.064,-0.144,0.0,0.0313,0.0532,0.0447,7f88b2f,,True,True,passed_user_declined
2026-08-12T11:30:08,atp,ATP Cincinnati Open,hard,2026-08-13,Martin Landaluce,Jack Draper,0.2103,0.2103,0.7897,0.7897,0.9,0.1,0.6,False,3.39,auto,1.35,auto,,,0.295,0.7407,-0.0847,-0.2872,0.0,0.049,0.0661,0.05,7f88b2f,,True,True,passed_user_declined
2026-08-12T11:30:09,atp,ATP Cincinnati Open,hard,2026-08-13,Thiago Agustin Tirante,Jan Choinski,0.7291,0.7291,0.2709,0.2709,0.9,0.1,0.6,False,1.52,auto,2.68,auto,,,0.6579,0.3731,0.0712,0.1082,0.05,-0.1022,-0.2739,0.0,7f88b2f,,True,True,blocked_low_sample
2026-08-12T11:30:09,atp,ATP Cincinnati Open,hard,2026-08-13,Juncheng Shang,Lorenzo Sonego,0.424,0.424,0.576,0.576,0.9,0.1,0.6,False,1.63,auto,2.38,auto,,,0.6135,0.4202,-0.1895,-0.3089,0.0,0.1558,0.3709,0.05,7f88b2f,,True,True,blocked_suspicious_edge
2026-08-12T11:30:09,atp,ATP Cincinnati Open,hard,2026-08-13,Mariano Navone,Raphael Collignon,0.453,0.453,0.547,0.547,0.9,0.1,0.6,False,2.3,auto,1.67,auto,,,0.4348,0.5988,0.0182,0.0419,0.014,-0.0518,-0.0865,0.0,7f88b2f,,True,True,passed_user_declined
2026-08-12T11:30:09,atp,ATP Cincinnati Open,hard,2026-08-13,Nuno Borges,Thanasi Kokkinakis,0.7627,0.7627,0.2373,0.2373,0.9,0.1,0.6,False,1.55,auto,2.58,auto,,,0.6452,0.3876,0.1176,0.1822,0.05,-0.1503,-0.3879,0.0,7f88b2f,,True,True,blocked_suspicious_edge
2026-08-12T11:30:09,atp,ATP Cincinnati Open,hard,2026-08-13,Tomas Machac,Pablo Carreno Busta,0.7117,0.7117,0.2883,0.2883,0.9,0.1,0.6,False,1.82,auto,2.07,auto,,,0.5495,0.4831,0.1623,0.2953,0.05,-0.1948,-0.4032,0.0,7f88b2f,,True,True,blocked_suspicious_edge
2026-08-12T11:30:09,wta,WTA Canadian Open,hard,2026-08-12,Svitolina E.,Swiatek I.,0.4435,0.4435,0.5565,0.5565,0.9,0.1,0.6,False,2.88,auto,1.48,auto,,,0.3472,0.6757,0.0963,0.2774,0.05,-0.1192,-0.1764,0.0,7f88b2f,,True,True,passed_user_declined
2026-08-12T11:30:09,wta,WTA Canadian Open,hard,2026-08-12,Gauff C.,Rybakina E.,0.4502,0.4502,0.5498,0.5498,0.9,0.1,0.6,False,1.79,auto,2.12,auto,,,0.5587,0.4717,-0.1084,-0.1941,0.0,0.0781,0.1655,0.05,7f88b2f,,True,True,passed_user_declined
2026-08-12T11:30:09,wta,WTA Cincinnati Open,hard,2026-08-12,Arango E.,Sasnovich A.,0.4723,0.4723,0.5277,0.5277,0.9,0.1,0.6,False,2.54,auto,1.55,auto,,,0.3937,0.6452,0.0786,0.1996,0.05,-0.1174,-0.182,0.0,7f88b2f,,True,True,passed_user_declined
2026-08-12T11:30:09,wta,WTA Cincinnati Open,hard,2026-08-12,Korneeva A.,Charaeva A.,0.5694,0.5694,0.4306,0.4306,0.9,0.1,0.6,False,1.27,auto,4.02,auto,,,0.7874,0.2488,-0.218,-0.2769,0.0,0.1818,0.731,0.05,7f88b2f,,True,True,blocked_low_sample
2026-08-12T11:30:09,wta,WTA Cincinnati Open,hard,2026-08-12,Wang X.,Andreescu B.,0.3554,0.3554,0.6446,0.6446,0.9,0.1,0.6,False,1.78,auto,2.1,auto,,,0.5618,0.4762,-0.2064,-0.3673,0.0,0.1684,0.3536,0.05,7f88b2f,,True,True,blocked_low_sample
2026-08-12T11:30:09,wta,WTA Cincinnati Open,hard,2026-08-12,Podoroska N.,Seidel E.,0.2664,0.2664,0.7336,0.7336,0.9,0.1,0.6,False,2.65,auto,1.51,auto,,,0.3774,0.6623,-0.111,-0.294,0.0,0.0713,0.1077,0.05,7f88b2f,,True,True,passed_user_declined
2026-08-12T11:30:09,wta,WTA Cincinnati Open,hard,2026-08-12,Yuan Y.,Day K.,0.6481,0.6481,0.3519,0.3519,0.9,0.1,0.6,False,2.4,auto,1.61,auto,,,0.4167,0.6211,0.2315,0.5555,0.05,-0.2692,-0.4335,0.0,7f88b2f,,True,True,blocked_suspicious_edge
2026-08-12T11:30:09,wta,WTA Cincinnati Open,hard,2026-08-12,Ito A.,Dart H.,0.4459,0.4459,0.5541,0.5541,0.9,0.1,0.6,False,2.29,auto,1.66,auto,,,0.4367,0.6024,0.0092,0.0211,0.0071,-0.0483,-0.0802,0.0,7f88b2f,,True,True,blocked_low_sample
2026-08-12T11:30:09,wta,WTA Cincinnati Open,hard,2026-08-12,Lys E.,Blinkova A.,0.6185,0.6185,0.3815,0.3815,0.9,0.1,0.6,False,1.78,auto,2.07,auto,,,0.5618,0.4831,0.0567,0.101,0.05,-0.1016,-0.2104,0.0,7f88b2f,,True,True,passed_user_declined
2026-08-12T11:30:09,wta,WTA Cincinnati Open,hard,2026-08-13,Parks A.,Golubic V.,0.4402,0.4402,0.5598,0.5598,0.9,0.1,0.6,False,2.52,auto,1.57,auto,,,0.3968,0.6369,0.0434,0.1093,0.0285,-0.0771,-0.1211,0.0,7f88b2f,,True,True,passed_user_declined
2026-08-12T11:30:09,wta,WTA Cincinnati Open,hard,2026-08-13,Bucsa C.,Udvardy P.,0.4663,0.4663,0.5337,0.5337,0.9,0.1,0.6,False,1.61,auto,2.42,auto,,,0.6211,0.4132,-0.1549,-0.2493,0.0,0.1205,0.2917,0.05,7f88b2f,,True,True,blocked_suspicious_edge
2026-08-12T11:30:09,wta,WTA Cincinnati Open,hard,2026-08-13,Snigur D.,Starodubtseva Y.,0.6308,0.6308,0.3692,0.3692,0.9,0.1,0.6,False,1.56,auto,2.55,auto,,,0.641,0.3922,-0.0102,-0.016,0.0,-0.0229,-0.0585,0.0,7f88b2f,,True,True,passed_low_edge
2026-08-12T11:30:09,wta,WTA Cincinnati Open,hard,2026-08-13,Bejlek S.,Pliskova K.,0.912,0.9048,0.088,0.0952,0.9,0.1,0.6,True,1.8,auto,2.09,auto,,,0.5556,0.4785,0.3493,0.6287,0.05,-0.3833,-0.8011,0.0,7f88b2f,,True,True,blocked_low_sample
2026-08-12T11:30:09,wta,WTA Cincinnati Open,hard,2026-08-13,Timofeeva M.,Siniakova K.,0.341,0.341,0.659,0.659,0.9,0.1,0.6,False,2.61,auto,1.54,auto,,,0.3831,0.6494,-0.0421,-0.1099,0.0,0.0096,0.0148,0.0178,7f88b2f,,True,True,passed_user_declined
2026-08-12T11:30:09,wta,WTA Cincinnati Open,hard,2026-08-13,Putintseva Y.,Samsonova L.,0.4772,0.4772,0.5228,0.5228,0.9,0.1,0.6,False,3.32,auto,1.36,auto,,,0.3012,0.7353,0.176,0.5843,0.05,-0.2125,-0.289,0.0,7f88b2f,,True,True,blocked_suspicious_edge
2026-08-12T11:30:09,wta,WTA Cincinnati Open,hard,2026-08-13,Joint M.,Korpatsch T.,0.5145,0.5145,0.4855,0.4855,0.9,0.1,0.6,False,1.39,auto,3.18,auto,,,0.7194,0.3145,-0.2049,-0.2848,0.0,0.171,0.5438,0.05,7f88b2f,,True,True,blocked_suspicious_edge
2026-08-12T11:30:09,wta,WTA Cincinnati Open,hard,2026-08-13,Vidmanova D.,Kalinina A.,0.4575,0.4575,0.5425,0.5425,0.9,0.1,0.6,False,2.01,auto,1.86,auto,,,0.4975,0.5376,-0.04,-0.0804,0.0,0.0048,0.009,0.0056,7f88b2f,,True,True,blocked_low_sample
2026-08-12T11:30:09,wta,WTA Cincinnati Open,hard,2026-08-13,Ruzic A.,Frech M.,0.4942,0.4942,0.5058,0.5058,0.9,0.1,0.6,False,2.39,auto,1.62,auto,,,0.4184,0.6173,0.0758,0.1812,0.05,-0.1115,-0.1807,0.0,7f88b2f,,True,True,passed_user_declined
2026-08-12T11:30:09,wta,WTA Cincinnati Open,hard,2026-08-13,Krueger A.,Boisson L.,0.5899,0.5899,0.4101,0.4101,0.9,0.1,0.6,False,1.4,auto,3.14,auto,,,0.7143,0.3185,-0.1244,-0.1742,0.0,0.0917,0.2878,0.0428,7f88b2f,,True,True,passed_user_declined
2026-08-12T11:30:09,wta,WTA Cincinnati Open,hard,2026-08-13,Parry D.,Dolehide C.,0.6686,0.6686,0.3314,0.3314,0.9,0.1,0.6,False,1.94,auto,1.93,auto,,,0.5155,0.5181,0.1531,0.2971,0.05,-0.1867,-0.3604,0.0,7f88b2f,,True,True,blocked_suspicious_edge
2026-08-12T11:30:09,wta,WTA Cincinnati Open,hard,2026-08-13,Kasatkina D.,Sonmez Z.,0.4976,0.4976,0.5024,0.5024,0.9,0.1,0.6,False,1.68,auto,2.27,auto,,,0.5952,0.4405,-0.0976,-0.164,0.0,0.0618,0.1404,0.0487,7f88b2f,,True,True,passed_user_declined
2026-08-12T11:30:09,wta,WTA Cincinnati Open,hard,2026-08-13,Maria T.,Yastremska D.,0.4493,0.4493,0.5507,0.5507,0.9,0.1,0.6,False,1.96,auto,1.91,auto,,,0.5102,0.5236,-0.0609,-0.1193,0.0,0.0271,0.0518,0.0298,7f88b2f,,True,True,passed_user_declined
2026-08-12T11:30:09,wta,WTA Cincinnati Open,hard,2026-08-13,Kalieva E.,Oliynykova O.,0.3567,0.3567,0.6433,0.6433,0.9,0.1,0.6,False,1.49,auto,2.77,auto,,,0.6711,0.361,-0.3145,-0.4685,0.0,0.2823,0.782,0.05,7f88b2f,,True,True,blocked_low_sample
2026-08-12T11:30:09,wta,WTA Cincinnati Open,hard,2026-08-13,Rakhimova K.,Birrell K.,0.3856,0.3856,0.6144,0.6144,0.9,0.1,0.6,False,2.01,auto,1.87,auto,,,0.4975,0.5348,-0.1119,-0.2248,0.0,0.0796,0.1488,0.05,7f88b2f,,True,True,passed_user_declined
2026-08-12T11:30:09,wta,WTA Cincinnati Open,hard,2026-08-13,Boulter K.,Volynets K.,0.6559,0.6559,0.3441,0.3441,0.9,0.1,0.6,False,2.05,auto,1.83,auto,,,0.4878,0.5464,0.1681,0.3446,0.05,-0.2024,-0.3703,0.0,7f88b2f,,True,True,blocked_suspicious_edge
2026-08-12T11:30:09,wta,WTA Cincinnati Open,hard,2026-08-13,Waltert S.,Marcinko P.,0.3334,0.3334,0.6666,0.6666,0.9,0.1,0.6,False,2.14,auto,1.77,auto,,,0.4673,0.565,-0.1339,-0.2865,0.0,0.1016,0.1799,0.05,7f88b2f,,True,True,blocked_suspicious_edge
2026-08-13T10:34:23,atp,ATP Canadian Open,hard,2026-08-13,Ben Shelton,Brandon Nakashima,0.6716,0.6716,0.3284,0.3284,0.9,0.1,0.6,False,1.45,auto,2.93,auto,,,0.6897,0.3413,-0.018,-0.0262,0.0,-0.0129,-0.0378,0.0,7f88b2f,,True,True,passed_low_edge
2026-08-13T10:34:23,atp,ATP Cincinnati Open,hard,2026-08-13,Aleksandar Vukic,Mark Lajal,0.5417,0.5417,0.4583,0.4583,0.9,0.1,0.6,False,1.74,auto,2.16,auto,,,0.5747,0.463,-0.033,-0.0575,0.0,-0.0046,-0.01,0.0,7f88b2f,,True,True,blocked_low_sample
2026-08-13T10:34:23,atp,ATP Cincinnati Open,hard,2026-08-13,Cameron Norrie,Dino Prizmic,0.6693,0.6693,0.3307,0.3307,0.9,0.1,0.6,False,1.49,auto,2.81,auto,,,0.6711,0.3559,-0.0018,-0.0027,0.0,-0.0252,-0.0708,0.0,7f88b2f,,True,True,passed_low_edge
2026-08-13T10:34:23,atp,ATP Cincinnati Open,hard,2026-08-13,Henrique Rocha,Nicolas Mejia,0.6109,0.6109,0.3891,0.3891,0.9,0.1,0.6,False,1.78,auto,2.09,auto,,,0.5618,0.4785,0.0491,0.0873,0.05,-0.0893,-0.1867,0.0,7f88b2f,,True,True,blocked_low_sample
2026-08-13T10:34:23,atp,ATP Cincinnati Open,hard,2026-08-13,Roman Andres Burruchaga,Jan-Lennard Struff,0.5142,0.5142,0.4858,0.4858,0.9,0.1,0.6,False,2.0,auto,1.89,auto,,,0.5,0.5291,0.0142,0.0283,0.0142,-0.0433,-0.0818,0.0,7f88b2f,,True,True,passed_user_declined
2026-08-13T10:34:23,atp,ATP Cincinnati Open,hard,2026-08-13,Marton Fucsovics,Terence Atmane,0.4273,0.4273,0.5727,0.5727,0.9,0.1,0.6,False,2.78,auto,1.5,auto,,,0.3597,0.6667,0.0676,0.1878,0.038,-0.0939,-0.1409,0.0,7f88b2f,,True,True,passed_user_declined
2026-08-13T10:34:23,atp,ATP Cincinnati Open,hard,2026-08-13,Denis Shapovalov,Adrian Mannarino,0.7039,0.7039,0.2961,0.2961,0.9,0.1,0.6,False,1.7,auto,2.27,auto,,,0.5882,0.4405,0.1157,0.1967,0.05,-0.1444,-0.3279,0.0,7f88b2f,,True,True,blocked_suspicious_edge
2026-08-13T10:34:23,atp,ATP Cincinnati Open,hard,2026-08-13,Camilo Ugo Carabelli,Miomir Kecmanovic,0.4118,0.4118,0.5882,0.5882,0.9,0.1,0.6,False,3.56,auto,1.34,auto,,,0.2809,0.7463,0.1309,0.4661,0.05,-0.1581,-0.2118,0.0,7f88b2f,,True,True,blocked_suspicious_edge
2026-08-13T10:34:23,atp,ATP Cincinnati Open,hard,2026-08-13,Thiago Agustin Tirante,Jan Choinski,0.7291,0.7291,0.2709,0.2709,0.9,0.1,0.6,False,1.5,auto,2.77,auto,,,0.6667,0.361,0.0624,0.0936,0.05,-0.0901,-0.2495,0.0,7f88b2f,,True,True,blocked_low_sample
2026-08-13T10:34:23,atp,ATP Cincinnati Open,hard,2026-08-13,Mariano Navone,Raphael Collignon,0.453,0.453,0.547,0.547,0.9,0.1,0.6,False,2.17,auto,1.76,auto,,,0.4608,0.5682,-0.0078,-0.017,0.0,-0.0212,-0.0373,0.0,7f88b2f,,True,True,passed_low_edge
2026-08-13T10:34:23,atp,ATP Cincinnati Open,hard,2026-08-13,Rinky Hijikata,Gael Monfils,0.3805,0.3805,0.6195,0.6195,0.9,0.1,0.6,False,2.15,auto,1.77,auto,,,0.4651,0.565,-0.0847,-0.182,0.0,0.0546,0.0966,0.05,7f88b2f,,True,True,passed_user_declined
2026-08-13T10:34:23,atp,ATP Cincinnati Open,hard,2026-08-13,Zachary Svajda,Mattia Bellucci,0.4957,0.4957,0.5043,0.5043,0.9,0.1,0.6,False,1.56,auto,2.57,auto,,,0.641,0.3891,-0.1453,-0.2267,0.0,0.1152,0.2961,0.05,7f88b2f,,True,True,blocked_suspicious_edge
2026-08-13T10:34:23,atp,ATP Cincinnati Open,hard,2026-08-14,Aleksandar Kovacevic,Karen Khachanov,0.2971,0.2971,0.7029,0.7029,0.9,0.1,0.6,False,3.0,auto,1.44,auto,,,0.3333,0.6944,-0.0363,-0.1088,0.0,0.0085,0.0122,0.0193,7f88b2f,,True,True,passed_user_declined
2026-08-13T10:34:23,atp,ATP Cincinnati Open,hard,2026-08-14,Alex Michelsen,Jesper De Jong,0.6903,0.6903,0.3097,0.3097,0.9,0.1,0.6,False,1.21,auto,4.93,auto,,,0.8264,0.2028,-0.1362,-0.1648,0.0,0.1069,0.527,0.0272,7f88b2f,,True,True,blocked_low_sample
2026-08-13T10:34:23,atp,ATP Cincinnati Open,hard,2026-08-14,Botic van de Zandschulp,Tallon Griekspoor,0.4617,0.4617,0.5383,0.5383,0.9,0.1,0.6,False,1.84,auto,2.06,auto,,,0.5435,0.4854,-0.0818,-0.1505,0.0,0.0529,0.1089,0.0499,7f88b2f,,True,True,passed_user_declined
2026-08-13T10:34:23,atp,ATP Cincinnati Open,hard,2026-08-14,Sebastian Baez,Grigor Dimitrov,0.5375,0.5375,0.4625,0.4625,0.9,0.1,0.6,False,2.27,auto,1.7,auto,,,0.4405,0.5882,0.097,0.2202,0.05,-0.1258,-0.2138,0.0,7f88b2f,,True,True,passed_user_declined
2026-08-13T10:34:23,atp,ATP Cincinnati Open,hard,2026-08-14,Juncheng Shang,Lorenzo Sonego,0.424,0.424,0.576,0.576,0.9,0.1,0.6,False,1.59,auto,2.5,auto,,,0.6289,0.4,-0.2049,-0.3258,0.0,0.176,0.4399,0.05,7f88b2f,,True,True,blocked_suspicious_edge
2026-08-13T10:34:23,atp,ATP Cincinnati Open,hard,2026-08-14,Nuno Borges,Thanasi Kokkinakis,0.7627,0.7627,0.2373,0.2373,0.9,0.1,0.6,False,1.52,auto,2.7,auto,,,0.6579,0.3704,0.1048,0.1594,0.05,-0.1331,-0.3594,0.0,7f88b2f,,True,True,blocked_suspicious_edge
2026-08-13T10:34:23,atp,ATP Cincinnati Open,hard,2026-08-14,Tomas Machac,Pablo Carreno Busta,0.7117,0.7117,0.2883,0.2883,0.9,0.1,0.6,False,1.88,auto,2.01,auto,,,0.5319,0.4975,0.1798,0.338,0.05,-0.2092,-0.4206,0.0,7f88b2f,,True,True,blocked_suspicious_edge
2026-08-13T10:34:23,atp,ATP Cincinnati Open,hard,2026-08-14,Valentin Royer,Stefanos Tsitsipas,0.2232,0.2232,0.7768,0.7768,0.9,0.1,0.6,False,4.0,auto,1.28,auto,,,0.25,0.7812,-0.0268,-0.1074,0.0,-0.0044,-0.0056,0.0,7f88b2f,,True,True,passed_low_edge
2026-08-13T10:34:23,wta,WTA Canadian Open,hard,2026-08-13,Swiatek I.,Rybakina E.,0.43,0.43,0.57,0.57,0.9,0.1,0.6,False,1.74,auto,2.21,auto,,,0.5747,0.4525,-0.1447,-0.2517,0.0,0.1175,0.2596,0.05,7f88b2f,,True,True,blocked_suspicious_edge
2026-08-13T10:34:23,wta,WTA Cincinnati Open,hard,2026-08-13,Ruzic A.,Frech M.,0.4942,0.4942,0.5058,0.5058,0.9,0.1,0.6,False,2.47,auto,1.6,auto,,,0.4049,0.625,0.0894,0.2208,0.05,-0.1192,-0.1908,0.0,7f88b2f,,True,True,passed_user_declined
2026-08-13T10:34:23,wta,WTA Cincinnati Open,hard,2026-08-13,Krueger A.,Boisson L.,0.5899,0.5899,0.4101,0.4101,0.9,0.1,0.6,False,1.39,auto,3.25,auto,,,0.7194,0.3077,-0.1296,-0.1801,0.0,0.1024,0.3329,0.0455,7f88b2f,,True,True,blocked_suspicious_edge
2026-08-13T10:34:23,wta,WTA Cincinnati Open,hard,2026-08-13,Arango E.,Podoroska N.,0.748,0.748,0.252,0.252,0.9,0.1,0.6,False,1.62,auto,2.38,auto,,,0.6173,0.4202,0.1307,0.2117,0.05,-0.1681,-0.4001,0.0,7f88b2f,,True,True,blocked_suspicious_edge
2026-08-13T10:34:23,wta,WTA Cincinnati Open,hard,2026-08-13,Wang X.,Kudermetova P.,0.342,0.342,0.658,0.658,0.9,0.1,0.6,False,1.53,auto,2.61,auto,,,0.6536,0.3831,-0.3116,-0.4767,0.0,0.2748,0.7173,0.05,7f88b2f,,True,True,blocked_low_sample
2026-08-13T10:34:23,wta,WTA Cincinnati Open,hard,2026-08-13,Parry D.,Dolehide C.,0.6686,0.6686,0.3314,0.3314,0.9,0.1,0.6,False,2.01,auto,1.88,auto,,,0.4975,0.5319,0.1711,0.3439,0.05,-0.2005,-0.377,0.0,7f88b2f,,True,True,blocked_suspicious_edge
2026-08-13T10:34:23,wta,WTA Cincinnati Open,hard,2026-08-13,Bucsa C.,Udvardy P.,0.4663,0.4663,0.5337,0.5337,0.9,0.1,0.6,False,1.66,auto,2.35,auto,,,0.6024,0.4255,-0.1362,-0.226,0.0,0.1082,0.2543,0.05,7f88b2f,,True,True,blocked_suspicious_edge
2026-08-13T10:34:23,wta,WTA Cincinnati Open,hard,2026-08-13,Maria T.,Yastremska D.,0.4493,0.4493,0.5507,0.5507,0.9,0.1,0.6,False,1.83,auto,2.08,auto,,,0.5464,0.4808,-0.0971,-0.1777,0.0,0.0699,0.1454,0.05,7f88b2f,,True,True,passed_user_declined
2026-08-13T10:34:23,wta,WTA Cincinnati Open,hard,2026-08-13,Boulter K.,Volynets K.,0.6559,0.6559,0.3441,0.3441,0.9,0.1,0.6,False,2.03,auto,1.87,auto,,,0.4926,0.5348,0.1633,0.3315,0.05,-0.1907,-0.3566,0.0,7f88b2f,,True,True,blocked_suspicious_edge
2026-08-13T10:34:23,wta,WTA Cincinnati Open,hard,2026-08-14,Parks A.,Golubic V.,0.4402,0.4402,0.5598,0.5598,0.9,0.1,0.6,False,2.53,auto,1.57,auto,,,0.3953,0.6369,0.0449,0.1137,0.0294,-0.0771,-0.1211,0.0,7f88b2f,,True,True,passed_user_declined
2026-08-13T10:34:23,wta,WTA Cincinnati Open,hard,2026-08-14,Snigur D.,Starodubtseva Y.,0.6308,0.6308,0.3692,0.3692,0.9,0.1,0.6,False,1.54,auto,2.62,auto,,,0.6494,0.3817,-0.0186,-0.0286,0.0,-0.0125,-0.0327,0.0,7f88b2f,,True,True,passed_low_edge
2026-08-13T10:34:23,wta,WTA Cincinnati Open,hard,2026-08-14,Putintseva Y.,Samsonova L.,0.4772,0.4772,0.5228,0.5228,0.9,0.1,0.6,False,3.35,auto,1.37,auto,,,0.2985,0.7299,0.1787,0.5986,0.05,-0.2071,-0.2837,0.0,7f88b2f,,True,True,blocked_suspicious_edge
2026-08-13T10:34:23,wta,WTA Cincinnati Open,hard,2026-08-14,Joint M.,Korpatsch T.,0.5082,0.5082,0.4918,0.4918,0.9,0.1,0.6,False,1.4,auto,3.15,auto,,,0.7143,0.3175,-0.2061,-0.2885,0.0,0.1743,0.5492,0.05,7f88b2f,,True,True,blocked_suspicious_edge
2026-08-13T10:34:23,wta,WTA Cincinnati Open,hard,2026-08-14,Kalieva E.,Oliynykova O.,0.3567,0.3567,0.6433,0.6433,0.9,0.1,0.6,False,1.47,auto,2.86,auto,,,0.6803,0.3497,-0.3236,-0.4757,0.0,0.2937,0.8399,0.05,7f88b2f,,True,True,blocked_low_sample
2026-08-13T10:34:23,wta,WTA Cincinnati Open,hard,2026-08-14,Bejlek S.,Pliskova K.,0.912,0.9048,0.088,0.0952,0.9,0.1,0.6,True,1.88,auto,2.02,auto,,,0.5319,0.495,0.3729,0.7011,0.05,-0.3999,-0.8077,0.0,7f88b2f,,True,True,blocked_low_sample
2026-08-13T10:41:02,atp,ATP Cincinnati Open,hard,2026-08-13,Marton Fucsovics,Terence Atmane,0.4273,0.4273,0.5727,0.5727,0.9,0.1,0.6,False,2.78,auto,1.5,auto,,,0.3597,0.6667,0.0676,0.1878,0.038,-0.0939,-0.1409,0.0,7f88b2f,,True,True,logged
2026-08-13T10:41:02,atp,ATP Cincinnati Open,hard,2026-08-13,Rinky Hijikata,Gael Monfils,0.3805,0.3805,0.6195,0.6195,0.9,0.1,0.6,False,2.15,auto,1.77,auto,,,0.4651,0.565,-0.0847,-0.182,0.0,0.0546,0.0966,0.05,7f88b2f,,True,True,logged
2026-08-13T10:41:02,atp,ATP Cincinnati Open,hard,2026-08-14,Botic van de Zandschulp,Tallon Griekspoor,0.4617,0.4617,0.5383,0.5383,0.9,0.1,0.6,False,1.84,auto,2.06,auto,,,0.5435,0.4854,-0.0818,-0.1505,0.0,0.0529,0.1089,0.0499,7f88b2f,,True,True,logged
2026-08-13T10:41:02,atp,ATP Cincinnati Open,hard,2026-08-14,Sebastian Baez,Grigor Dimitrov,0.5375,0.5375,0.4625,0.4625,0.9,0.1,0.6,False,2.27,auto,1.7,auto,,,0.4405,0.5882,0.097,0.2202,0.05,-0.1258,-0.2138,0.0,7f88b2f,,True,True,logged
2026-08-16T01:41:21,atp,ATP Cincinnati Open,hard,2026-08-16,Christopher O'Connell,Casper Ruud,0.2477,0.2477,0.7523,0.7523,0.9,0.1,0.6,False,3.66,auto,1.32,auto,,,0.2732,0.7576,-0.0255,-0.0932,0.0,-0.0053,-0.007,0.0,51bfbe9,,True,True,passed_low_edge
2026-08-16T01:41:21,atp,ATP Cincinnati Open,hard,2026-08-16,Marco Trungelliti,Daniil Medvedev,0.1105,0.1105,0.8895,0.8895,0.9,0.1,0.6,False,5.53,auto,1.18,auto,,,0.1808,0.8475,-0.0704,-0.3891,0.0,0.0421,0.0496,0.05,51bfbe9,,True,True,logged
2026-08-16T01:41:21,atp,ATP Cincinnati Open,hard,2026-08-16,Ugo Humbert,Michael Zheng,0.896,0.896,0.104,0.104,0.9,0.1,0.6,False,1.9,auto,1.99,auto,,,0.5263,0.5025,0.3697,0.7023,0.05,-0.3985,-0.793,0.0,51bfbe9,,True,True,blocked_low_sample
2026-08-16T01:41:21,atp,ATP Cincinnati Open,hard,2026-08-16,Arthur Rinderknech,Juan Manuel Cerundolo,0.6308,0.6308,0.3692,0.3692,0.9,0.1,0.6,False,1.6,auto,2.47,auto,,,0.625,0.4049,0.0058,0.0093,0.0097,-0.0357,-0.0881,0.0,51bfbe9,,True,True,logged
2026-08-16T01:41:21,atp,ATP Cincinnati Open,hard,2026-08-16,Joao Fonseca,Botic van de Zandschulp,0.6808,0.6808,0.3192,0.3192,0.9,0.1,0.6,False,1.36,auto,3.4,auto,,,0.7353,0.2941,-0.0545,-0.0741,0.0,0.0251,0.0853,0.0104,51bfbe9,,True,True,logged
2026-08-16T01:41:21,atp,ATP Cincinnati Open,hard,2026-08-16,Daniel Altmaier,Lorenzo Musetti,0.2237,0.2237,0.7763,0.7763,0.9,0.1,0.6,False,4.61,auto,1.23,auto,,,0.2169,0.813,0.0068,0.0313,0.0019,-0.0367,-0.0452,0.0,51bfbe9,,True,True,logged
2026-08-16T01:41:21,atp,ATP Cincinnati Open,hard,2026-08-16,Stefanos Tsitsipas,Felix Auger-Aliassime,0.3771,0.3771,0.6229,0.6229,0.9,0.1,0.6,False,2.19,auto,1.75,auto,,,0.4566,0.5714,-0.0795,-0.1742,0.0,0.0515,0.0901,0.05,51bfbe9,,True,True,logged
2026-08-16T01:41:21,atp,ATP Cincinnati Open,hard,2026-08-16,Brandon Nakashima,Aleksandar Kovacevic,0.7687,0.7687,0.2313,0.2313,0.9,0.1,0.6,False,1.28,auto,4.01,auto,,,0.7812,0.2494,-0.0126,-0.0161,0.0,-0.0181,-0.0725,0.0,51bfbe9,,True,True,passed_low_edge
2026-08-16T01:41:21,atp,ATP Cincinnati Open,hard,2026-08-16,Taylor Fritz,Alex Michelsen,0.6376,0.6376,0.3624,0.3624,0.9,0.1,0.6,False,1.58,auto,2.51,auto,,,0.6329,0.3984,0.0047,0.0074,0.0081,-0.036,-0.0904,0.0,51bfbe9,,True,True,logged
2026-08-16T01:41:21,atp,ATP Cincinnati Open,hard,2026-08-16,Andrey Rublev,Pablo Carreno Busta,0.7925,0.7925,0.2075,0.2075,0.9,0.1,0.6,False,1.49,auto,2.8,auto,,,0.6711,0.3571,0.1213,0.1808,0.05,-0.1496,-0.419,0.0,51bfbe9,,True,True,blocked_suspicious_edge
2026-08-16T01:41:21,atp,ATP Cincinnati Open,hard,2026-08-16,Nuno Borges,Francisco Cerundolo,0.3951,0.3951,0.6049,0.6049,0.9,0.1,0.6,False,1.79,auto,2.13,auto,,,0.5587,0.4695,-0.1635,-0.2927,0.0,0.1354,0.2884,0.05,51bfbe9,,True,True,blocked_suspicious_edge
2026-08-16T01:41:21,atp,ATP Cincinnati Open,hard,2026-08-16,Adam Walton,Ignacio Buse,0.3269,0.3269,0.6731,0.6731,0.9,0.1,0.6,False,1.65,auto,2.36,auto,,,0.6061,0.4237,-0.2791,-0.4606,0.0,0.2493,0.5884,0.05,51bfbe9,,True,True,blocked_suspicious_edge
2026-08-16T01:41:21,atp,ATP Cincinnati Open,hard,2026-08-16,Learner Tien,Sebastian Baez,0.7038,0.7038,0.2962,0.2962,0.9,0.1,0.6,False,1.32,auto,3.66,auto,,,0.7576,0.2732,-0.0538,-0.071,0.0,0.023,0.0841,0.0086,51bfbe9,,True,True,logged
2026-08-16T01:41:21,atp,ATP Cincinnati Open,hard,2026-08-16,Ben Shelton,Jaime Faria,0.8077,0.8077,0.1923,0.1923,0.9,0.1,0.6,False,1.2,auto,5.19,auto,,,0.8333,0.1927,-0.0257,-0.0308,0.0,-0.0004,-0.0019,0.0,51bfbe9,,True,True,passed_low_edge
2026-08-16T01:41:21,atp,ATP Cincinnati Open,hard,2026-08-16,Lorenzo Sonego,Frances Tiafoe,0.3559,0.3559,0.6441,0.6441,0.9,0.1,0.6,False,2.48,auto,1.6,auto,,,0.4032,0.625,-0.0473,-0.1173,0.0,0.0191,0.0305,0.0318,51bfbe9,,True,True,logged
2026-08-16T01:41:21,wta,WTA Cincinnati Open,hard,2026-08-16,Krejcikova B.,Bejlek S.,0.6776,0.6776,0.3224,0.3224,0.9,0.1,0.6,False,1.62,auto,2.44,auto,,,0.6173,0.4098,0.0603,0.0978,0.05,-0.0875,-0.2134,0.0,51bfbe9,,True,True,logged
2026-08-16T01:41:21,wta,WTA Cincinnati Open,hard,2026-08-16,Wang X.,Vekic D.,0.2495,0.2495,0.7505,0.7505,0.9,0.1,0.6,False,1.81,auto,2.09,auto,,,0.5525,0.4785,-0.303,-0.5484,0.0,0.272,0.5686,0.05,51bfbe9,,True,True,blocked_low_sample
2026-08-16T01:41:21,wta,WTA Cincinnati Open,hard,2026-08-16,Townsend T.,Rybakina E.,0.1176,0.1176,0.8824,0.8824,0.9,0.1,0.6,False,3.82,auto,1.3,auto,,,0.2618,0.7692,-0.1442,-0.5508,0.0,0.1132,0.1471,0.05,51bfbe9,,True,True,blocked_suspicious_edge
2026-08-16T01:41:21,wta,WTA Cincinnati Open,hard,2026-08-16,Tjen J.,Golubic V.,0.4853,0.4853,0.5147,0.5147,0.9,0.1,0.6,False,1.85,auto,2.04,auto,,,0.5405,0.4902,-0.0552,-0.1022,0.0,0.0245,0.05,0.0235,51bfbe9,,True,True,logged
2026-08-16T01:41:21,wta,WTA Cincinnati Open,hard,2026-08-16,Oliynykova O.,Andreeva M.,0.2237,0.2237,0.7763,0.7763,0.9,0.1,0.6,False,9.25,auto,1.08,auto,,,0.1081,0.9259,0.1156,1.0692,0.014,-0.1496,-0.1616,0.0,51bfbe9,,True,True,blocked_suspicious_edge
2026-08-16T01:41:21,wta,WTA Cincinnati Open,hard,2026-08-16,Snigur D.,Keys M.,0.3494,0.3494,0.6506,0.6506,0.9,0.1,0.6,False,3.14,auto,1.41,auto,,,0.3185,0.7092,0.0309,0.0971,0.0145,-0.0586,-0.0827,0.0,51bfbe9,,True,True,logged
2026-08-16T01:41:21,wta,WTA Cincinnati Open,hard,2026-08-16,Bouzkova M.,Stefanini L.,0.8346,0.8346,0.1654,0.1654,0.9,0.1,0.6,False,1.24,auto,4.43,auto,,,0.8065,0.2257,0.0282,0.0349,0.05,-0.0604,-0.2674,0.0,51bfbe9,,True,True,logged
2026-08-16T01:41:21,wta,WTA Cincinnati Open,hard,2026-08-16,Blinkova A.,Alexandrova E.,0.2916,0.2916,0.7084,0.7084,0.9,0.1,0.6,False,3.71,auto,1.32,auto,,,0.2695,0.7576,0.0221,0.0819,0.0081,-0.0492,-0.0649,0.0,51bfbe9,,True,True,logged
2026-08-16T01:41:21,wta,WTA Cincinnati Open,hard,2026-08-16,Kostyuk M.,Kenin S.,0.8317,0.8317,0.1683,0.1683,0.9,0.1,0.6,False,1.1,auto,7.91,auto,,,0.9091,0.1264,-0.0774,-0.0851,0.0,0.0419,0.3311,0.0061,51bfbe9,,True,True,logged
2026-08-16T01:41:21,wta,WTA Cincinnati Open,hard,2026-08-16,Korpatsch T.,Jovic I.,0.2367,0.2367,0.7633,0.7633,0.9,0.1,0.6,False,8.78,auto,1.08,auto,,,0.1139,0.9259,0.1228,1.0785,0.0158,-0.1627,-0.1757,0.0,51bfbe9,,True,True,blocked_suspicious_edge
2026-08-16T01:41:21,wta,WTA Cincinnati Open,hard,2026-08-16,Sabalenka A.,Gibson T.,0.941,0.9164,0.059,0.0836,0.9,0.1,0.6,True,1.14,auto,6.35,auto,,,0.8772,0.1575,0.0392,0.0447,0.05,-0.0739,-0.4692,0.0,51bfbe9,,True,True,logged
2026-08-16T01:41:21,wta,WTA Cincinnati Open,hard,2026-08-16,Stephens S.,Potapova A.,0.166,0.166,0.834,0.834,0.9,0.1,0.6,False,2.78,auto,1.5,auto,,,0.3597,0.6667,-0.1937,-0.5385,0.0,0.1673,0.251,0.05,51bfbe9,,True,True,blocked_suspicious_edge
2026-08-16T01:41:21,wta,WTA Cincinnati Open,hard,2026-08-16,Gauff C.,Samsonova L.,0.8289,0.8289,0.1711,0.1711,0.9,0.1,0.6,False,1.33,auto,3.61,auto,,,0.7519,0.277,0.0771,0.1025,0.05,-0.1059,-0.3824,0.0,51bfbe9,,True,True,logged
2026-08-16T01:41:21,wta,WTA Cincinnati Open,hard,2026-08-16,Valentova T.,Svitolina E.,0.2664,0.2664,0.7336,0.7336,0.9,0.1,0.6,False,3.47,auto,1.35,auto,,,0.2882,0.7407,-0.0218,-0.0755,0.0,-0.0072,-0.0097,0.0,51bfbe9,,True,True,passed_low_edge
2026-08-16T01:50:55,atp,ATP Cincinnati Open,hard,2026-08-16,Christopher O'Connell,Casper Ruud,0.2528,0.2528,0.7472,0.7472,0.9,0.1,0.6,False,3.66,auto,1.32,auto,,,0.2732,0.7576,-0.0204,-0.0747,0.0,-0.0104,-0.0137,0.0,51bfbe9,,True,True,passed_low_edge
2026-08-16T01:50:55,atp,ATP Cincinnati Open,hard,2026-08-16,Marco Trungelliti,Daniil Medvedev,0.1298,0.1298,0.8702,0.8702,0.9,0.1,0.6,False,5.53,auto,1.18,auto,,,0.1808,0.8475,-0.0511,-0.2824,0.0,0.0228,0.0269,0.05,51bfbe9,,True,True,passed_user_declined
2026-08-16T01:50:55,atp,ATP Cincinnati Open,hard,2026-08-16,Ugo Humbert,Michael Zheng,0.671,0.671,0.329,0.329,0.9,0.1,0.6,False,1.9,auto,1.99,auto,,,0.5263,0.5025,0.1447,0.275,0.05,-0.1735,-0.3453,0.0,51bfbe9,,True,True,blocked_low_sample
2026-08-16T01:50:55,atp,ATP Cincinnati Open,hard,2026-08-16,Arthur Rinderknech,Juan Manuel Cerundolo,0.6086,0.6086,0.3914,0.3914,0.9,0.1,0.6,False,1.6,auto,2.47,auto,,,0.625,0.4049,-0.0164,-0.0262,0.0,-0.0135,-0.0333,0.0,51bfbe9,,True,True,passed_low_edge
2026-08-16T01:50:55,atp,ATP Cincinnati Open,hard,2026-08-16,Joao Fonseca,Botic van de Zandschulp,0.6704,0.6704,0.3296,0.3296,0.9,0.1,0.6,False,1.36,auto,3.4,auto,,,0.7353,0.2941,-0.0649,-0.0883,0.0,0.0355,0.1207,0.0148,51bfbe9,,True,True,logged
2026-08-16T01:50:55,atp,ATP Cincinnati Open,hard,2026-08-16,Daniel Altmaier,Lorenzo Musetti,0.2535,0.2535,0.7465,0.7465,0.9,0.1,0.6,False,4.61,auto,1.23,auto,,,0.2169,0.813,0.0366,0.1685,0.0101,-0.0665,-0.0818,0.0,51bfbe9,,True,True,logged
2026-08-16T01:50:55,atp,ATP Cincinnati Open,hard,2026-08-16,Stefanos Tsitsipas,Felix Auger-Aliassime,0.3918,0.3918,0.6082,0.6082,0.9,0.1,0.6,False,2.19,auto,1.75,auto,,,0.4566,0.5714,-0.0648,-0.1419,0.0,0.0367,0.0643,0.049,51bfbe9,,True,True,logged
2026-08-16T01:50:55,atp,ATP Cincinnati Open,hard,2026-08-16,Brandon Nakashima,Aleksandar Kovacevic,0.7894,0.7894,0.2106,0.2106,0.9,0.1,0.6,False,1.28,auto,4.01,auto,,,0.7812,0.2494,0.0081,0.0104,0.029,-0.0387,-0.1553,0.0,51bfbe9,,True,True,passed_user_declined
2026-08-16T01:50:55,atp,ATP Cincinnati Open,hard,2026-08-16,Taylor Fritz,Alex Michelsen,0.616,0.616,0.384,0.384,0.9,0.1,0.6,False,1.58,auto,2.51,auto,,,0.6329,0.3984,-0.0169,-0.0267,0.0,-0.0144,-0.0361,0.0,51bfbe9,,True,True,passed_low_edge
2026-08-16T01:50:55,atp,ATP Cincinnati Open,hard,2026-08-16,Andrey Rublev,Pablo Carreno Busta,0.7305,0.7305,0.2695,0.2695,0.9,0.1,0.6,False,1.49,auto,2.8,auto,,,0.6711,0.3571,0.0594,0.0885,0.05,-0.0877,-0.2454,0.0,51bfbe9,,True,True,passed_user_declined
2026-08-16T01:50:55,atp,ATP Cincinnati Open,hard,2026-08-16,Nuno Borges,Francisco Cerundolo,0.4192,0.4192,0.5808,0.5808,0.9,0.1,0.6,False,1.79,auto,2.13,auto,,,0.5587,0.4695,-0.1395,-0.2497,0.0,0.1113,0.2371,0.05,51bfbe9,,True,True,blocked_suspicious_edge
2026-08-16T01:50:55,atp,ATP Cincinnati Open,hard,2026-08-16,Adam Walton,Ignacio Buse,0.3535,0.3535,0.6465,0.6465,0.9,0.1,0.6,False,1.65,auto,2.36,auto,,,0.6061,0.4237,-0.2525,-0.4167,0.0,0.2228,0.5257,0.05,51bfbe9,,True,True,blocked_suspicious_edge
2026-08-16T01:50:55,atp,ATP Cincinnati Open,hard,2026-08-16,Learner Tien,Sebastian Baez,0.7449,0.7449,0.2551,0.2551,0.9,0.1,0.6,False,1.32,auto,3.66,auto,,,0.7576,0.2732,-0.0126,-0.0167,0.0,-0.0182,-0.0665,0.0,51bfbe9,,True,True,passed_low_edge
2026-08-16T01:50:55,atp,ATP Cincinnati Open,hard,2026-08-16,Ben Shelton,Jaime Faria,0.8334,0.8334,0.1666,0.1666,0.9,0.1,0.6,False,1.2,auto,5.19,auto,,,0.8333,0.1927,0.0001,0.0001,0.0003,-0.0261,-0.1353,0.0,51bfbe9,,True,True,passed_user_declined
2026-08-16T01:50:55,atp,ATP Cincinnati Open,hard,2026-08-16,Lorenzo Sonego,Frances Tiafoe,0.3761,0.3761,0.6239,0.6239,0.9,0.1,0.6,False,2.48,auto,1.6,auto,,,0.4032,0.625,-0.0271,-0.0672,0.0,-0.0011,-0.0018,0.0,51bfbe9,,True,True,passed_low_edge
2026-08-16T01:50:55,wta,WTA Cincinnati Open,hard,2026-08-16,Krejcikova B.,Bejlek S.,0.652,0.652,0.348,0.348,0.9,0.1,0.6,False,1.62,auto,2.44,auto,,,0.6173,0.4098,0.0347,0.0563,0.05,-0.0619,-0.1509,0.0,51bfbe9,,True,True,logged
2026-08-16T01:50:55,wta,WTA Cincinnati Open,hard,2026-08-16,Wang X.,Vekic D.,0.2496,0.2496,0.7504,0.7504,0.9,0.1,0.6,False,1.81,auto,2.09,auto,,,0.5525,0.4785,-0.3029,-0.5482,0.0,0.2719,0.5683,0.05,51bfbe9,,True,True,blocked_low_sample
2026-08-16T01:50:55,wta,WTA Cincinnati Open,hard,2026-08-16,Townsend T.,Rybakina E.,0.115,0.115,0.885,0.885,0.9,0.1,0.6,False,3.82,auto,1.3,auto,,,0.2618,0.7692,-0.1467,-0.5605,0.0,0.1157,0.1504,0.05,51bfbe9,,True,True,blocked_suspicious_edge
2026-08-16T01:50:55,wta,WTA Cincinnati Open,hard,2026-08-16,Tjen J.,Golubic V.,0.4433,0.4433,0.5567,0.5567,0.9,0.1,0.6,False,1.85,auto,2.04,auto,,,0.5405,0.4902,-0.0973,-0.1799,0.0,0.0665,0.1357,0.05,51bfbe9,,True,True,logged
2026-08-16T01:50:55,wta,WTA Cincinnati Open,hard,2026-08-16,Oliynykova O.,Andreeva M.,0.1908,0.1908,0.8092,0.8092,0.9,0.1,0.6,False,9.25,auto,1.08,auto,,,0.1081,0.9259,0.0827,0.7649,0.01,-0.1167,-0.1261,0.0,51bfbe9,,True,True,passed_user_declined
2026-08-16T01:50:55,wta,WTA Cincinnati Open,hard,2026-08-16,Snigur D.,Keys M.,0.3402,0.3402,0.6598,0.6598,0.9,0.1,0.6,False,3.14,auto,1.41,auto,,,0.3185,0.7092,0.0218,0.0684,0.0102,-0.0495,-0.0697,0.0,51bfbe9,,True,True,passed_user_declined
2026-08-16T01:50:55,wta,WTA Cincinnati Open,hard,2026-08-16,Bouzkova M.,Stefanini L.,0.8165,0.8165,0.1835,0.1835,0.9,0.1,0.6,False,1.24,auto,4.43,auto,,,0.8065,0.2257,0.01,0.0124,0.0417,-0.0422,-0.1869,0.0,51bfbe9,,True,True,passed_user_declined
2026-08-16T01:50:55,wta,WTA Cincinnati Open,hard,2026-08-16,Blinkova A.,Alexandrova E.,0.2246,0.2246,0.7754,0.7754,0.9,0.1,0.6,False,3.71,auto,1.32,auto,,,0.2695,0.7576,-0.0449,-0.1666,0.0,0.0178,0.0235,0.05,51bfbe9,,True,True,passed_user_declined
2026-08-16T01:50:55,wta,WTA Cincinnati Open,hard,2026-08-16,Kostyuk M.,Kenin S.,0.8478,0.8478,0.1522,0.1522,0.9,0.1,0.6,False,1.1,auto,7.91,auto,,,0.9091,0.1264,-0.0613,-0.0674,0.0,0.0258,0.2041,0.0037,51bfbe9,,True,True,passed_user_declined
2026-08-16T01:50:55,wta,WTA Cincinnati Open,hard,2026-08-16,Korpatsch T.,Jovic I.,0.2414,0.2414,0.7586,0.7586,0.9,0.1,0.6,False,8.88,auto,1.08,auto,,,0.1126,0.9259,0.1288,1.1439,0.0163,-0.1674,-0.1807,0.0,51bfbe9,,True,True,blocked_suspicious_edge
2026-08-16T01:50:55,wta,WTA Cincinnati Open,hard,2026-08-16,Sabalenka A.,Gibson T.,0.9325,0.913,0.0675,0.087,0.9,0.1,0.6,True,1.14,auto,6.35,auto,,,0.8772,0.1575,0.0358,0.0408,0.05,-0.0705,-0.4475,0.0,51bfbe9,,True,True,passed_user_declined
2026-08-16T01:50:55,wta,WTA Cincinnati Open,hard,2026-08-16,Stephens S.,Potapova A.,0.1796,0.1796,0.8204,0.8204,0.9,0.1,0.6,False,2.78,auto,1.5,auto,,,0.3597,0.6667,-0.1801,-0.5007,0.0,0.1537,0.2306,0.05,51bfbe9,,True,True,blocked_suspicious_edge
2026-08-16T01:50:55,wta,WTA Cincinnati Open,hard,2026-08-16,Gauff C.,Samsonova L.,0.8344,0.8344,0.1656,0.1656,0.9,0.1,0.6,False,1.33,auto,3.61,auto,,,0.7519,0.277,0.0825,0.1098,0.05,-0.1114,-0.4022,0.0,51bfbe9,,True,True,logged
2026-08-16T01:50:55,wta,WTA Cincinnati Open,hard,2026-08-16,Valentova T.,Svitolina E.,0.1944,0.1944,0.8056,0.8056,0.9,0.1,0.6,False,3.47,auto,1.35,auto,,,0.2882,0.7407,-0.0938,-0.3254,0.0,0.0649,0.0876,0.05,51bfbe9,,True,True,passed_user_declined
2026-08-16T02:05:00,atp,ATP Cincinnati Open,hard,2026-08-16,Christopher O'Connell,Casper Ruud,0.2528,0.2528,0.7472,0.7472,0.9,0.1,0.6,False,3.66,auto,1.32,auto,,,0.2732,0.7576,-0.0204,-0.0747,0.0,-0.0104,-0.0137,0.0,dcba0aa,,True,True,passed_low_edge
2026-08-16T02:05:00,atp,ATP Cincinnati Open,hard,2026-08-16,Marco Trungelliti,Daniil Medvedev,0.1298,0.1298,0.8702,0.8702,0.9,0.1,0.6,False,5.53,auto,1.18,auto,,,0.1808,0.8475,-0.0511,-0.2824,0.0,0.0228,0.0269,0.05,dcba0aa,,True,True,passed_user_declined
2026-08-16T02:05:00,atp,ATP Cincinnati Open,hard,2026-08-16,Ugo Humbert,Michael Zheng,0.671,0.671,0.329,0.329,0.9,0.1,0.6,False,1.9,auto,1.99,auto,,,0.5263,0.5025,0.1447,0.275,0.05,-0.1735,-0.3453,0.0,dcba0aa,,True,True,blocked_low_sample
2026-08-16T02:05:00,atp,ATP Cincinnati Open,hard,2026-08-16,Arthur Rinderknech,Juan Manuel Cerundolo,0.6086,0.6086,0.3914,0.3914,0.9,0.1,0.6,False,1.6,auto,2.47,auto,,,0.625,0.4049,-0.0164,-0.0262,0.0,-0.0135,-0.0333,0.0,dcba0aa,,True,True,passed_low_edge
2026-08-16T02:05:00,atp,ATP Cincinnati Open,hard,2026-08-16,Joao Fonseca,Botic van de Zandschulp,0.6704,0.6704,0.3296,0.3296,0.9,0.1,0.6,False,1.36,auto,3.4,auto,,,0.7353,0.2941,-0.0649,-0.0883,0.0,0.0355,0.1207,0.0148,dcba0aa,,True,True,passed_user_declined
2026-08-16T02:05:00,atp,ATP Cincinnati Open,hard,2026-08-16,Daniel Altmaier,Lorenzo Musetti,0.2535,0.2535,0.7465,0.7465,0.9,0.1,0.6,False,4.61,auto,1.23,auto,,,0.2169,0.813,0.0366,0.1685,0.0101,-0.0665,-0.0818,0.0,dcba0aa,,True,True,passed_user_declined
2026-08-16T02:05:00,atp,ATP Cincinnati Open,hard,2026-08-16,Stefanos Tsitsipas,Felix Auger-Aliassime,0.3918,0.3918,0.6082,0.6082,0.9,0.1,0.6,False,2.19,auto,1.75,auto,,,0.4566,0.5714,-0.0648,-0.1419,0.0,0.0367,0.0643,0.049,dcba0aa,,True,True,passed_user_declined
2026-08-16T02:05:00,atp,ATP Cincinnati Open,hard,2026-08-16,Brandon Nakashima,Aleksandar Kovacevic,0.7894,0.7894,0.2106,0.2106,0.9,0.1,0.6,False,1.28,auto,4.01,auto,,,0.7812,0.2494,0.0081,0.0104,0.029,-0.0387,-0.1553,0.0,dcba0aa,,True,True,passed_user_declined
2026-08-16T02:05:00,atp,ATP Cincinnati Open,hard,2026-08-16,Taylor Fritz,Alex Michelsen,0.616,0.616,0.384,0.384,0.9,0.1,0.6,False,1.58,auto,2.51,auto,,,0.6329,0.3984,-0.0169,-0.0267,0.0,-0.0144,-0.0361,0.0,dcba0aa,,True,True,passed_low_edge
2026-08-16T02:05:00,atp,ATP Cincinnati Open,hard,2026-08-16,Andrey Rublev,Pablo Carreno Busta,0.7305,0.7305,0.2695,0.2695,0.9,0.1,0.6,False,1.49,auto,2.8,auto,,,0.6711,0.3571,0.0594,0.0885,0.05,-0.0877,-0.2454,0.0,dcba0aa,,True,True,logged
2026-08-16T02:05:00,atp,ATP Cincinnati Open,hard,2026-08-16,Nuno Borges,Francisco Cerundolo,0.4192,0.4192,0.5808,0.5808,0.9,0.1,0.6,False,1.79,auto,2.13,auto,,,0.5587,0.4695,-0.1395,-0.2497,0.0,0.1113,0.2371,0.05,dcba0aa,,True,True,blocked_suspicious_edge
2026-08-16T02:05:00,atp,ATP Cincinnati Open,hard,2026-08-16,Adam Walton,Ignacio Buse,0.3535,0.3535,0.6465,0.6465,0.9,0.1,0.6,False,1.65,auto,2.36,auto,,,0.6061,0.4237,-0.2525,-0.4167,0.0,0.2228,0.5257,0.05,dcba0aa,,True,True,blocked_suspicious_edge
2026-08-16T02:05:00,atp,ATP Cincinnati Open,hard,2026-08-16,Learner Tien,Sebastian Baez,0.7449,0.7449,0.2551,0.2551,0.9,0.1,0.6,False,1.32,auto,3.66,auto,,,0.7576,0.2732,-0.0126,-0.0167,0.0,-0.0182,-0.0665,0.0,dcba0aa,,True,True,passed_low_edge
2026-08-16T02:05:00,atp,ATP Cincinnati Open,hard,2026-08-16,Ben Shelton,Jaime Faria,0.8334,0.8334,0.1666,0.1666,0.9,0.1,0.6,False,1.2,auto,5.12,auto,,,0.8333,0.1953,0.0001,0.0001,0.0003,-0.0287,-0.1469,0.0,dcba0aa,,True,True,passed_user_declined
2026-08-16T02:05:00,atp,ATP Cincinnati Open,hard,2026-08-16,Lorenzo Sonego,Frances Tiafoe,0.3761,0.3761,0.6239,0.6239,0.9,0.1,0.6,False,2.48,auto,1.6,auto,,,0.4032,0.625,-0.0271,-0.0672,0.0,-0.0011,-0.0018,0.0,dcba0aa,,True,True,passed_low_edge
2026-08-16T02:05:00,wta,WTA Cincinnati Open,hard,2026-08-16,Krejcikova B.,Bejlek S.,0.652,0.652,0.348,0.348,0.9,0.1,0.6,False,1.62,auto,2.44,auto,,,0.6173,0.4098,0.0347,0.0563,0.05,-0.0619,-0.1509,0.0,dcba0aa,,True,True,passed_user_declined
2026-08-16T02:05:00,wta,WTA Cincinnati Open,hard,2026-08-16,Wang X.,Vekic D.,0.2496,0.2496,0.7504,0.7504,0.9,0.1,0.6,False,1.81,auto,2.09,auto,,,0.5525,0.4785,-0.3029,-0.5482,0.0,0.2719,0.5683,0.05,dcba0aa,,True,True,blocked_low_sample
2026-08-16T02:05:00,wta,WTA Cincinnati Open,hard,2026-08-16,Townsend T.,Rybakina E.,0.115,0.115,0.885,0.885,0.9,0.1,0.6,False,3.82,auto,1.3,auto,,,0.2618,0.7692,-0.1467,-0.5605,0.0,0.1157,0.1504,0.05,dcba0aa,,True,True,blocked_suspicious_edge
2026-08-16T02:05:00,wta,WTA Cincinnati Open,hard,2026-08-16,Tjen J.,Golubic V.,0.4433,0.4433,0.5567,0.5567,0.9,0.1,0.6,False,1.85,auto,2.04,auto,,,0.5405,0.4902,-0.0973,-0.1799,0.0,0.0665,0.1357,0.05,dcba0aa,,True,True,passed_user_declined
2026-08-16T02:05:00,wta,WTA Cincinnati Open,hard,2026-08-16,Oliynykova O.,Andreeva M.,0.1908,0.1908,0.8092,0.8092,0.9,0.1,0.6,False,9.25,auto,1.08,auto,,,0.1081,0.9259,0.0827,0.7649,0.01,-0.1167,-0.1261,0.0,dcba0aa,,True,True,passed_user_declined
2026-08-16T02:05:00,wta,WTA Cincinnati Open,hard,2026-08-16,Snigur D.,Keys M.,0.3402,0.3402,0.6598,0.6598,0.9,0.1,0.6,False,3.14,auto,1.41,auto,,,0.3185,0.7092,0.0218,0.0684,0.0102,-0.0495,-0.0697,0.0,dcba0aa,,True,True,passed_user_declined
2026-08-16T02:05:00,wta,WTA Cincinnati Open,hard,2026-08-16,Bouzkova M.,Stefanini L.,0.8165,0.8165,0.1835,0.1835,0.9,0.1,0.6,False,1.24,auto,4.43,auto,,,0.8065,0.2257,0.01,0.0124,0.0417,-0.0422,-0.1869,0.0,dcba0aa,,True,True,passed_user_declined
2026-08-16T02:05:00,wta,WTA Cincinnati Open,hard,2026-08-16,Blinkova A.,Alexandrova E.,0.2246,0.2246,0.7754,0.7754,0.9,0.1,0.6,False,3.71,auto,1.32,auto,,,0.2695,0.7576,-0.0449,-0.1666,0.0,0.0178,0.0235,0.05,dcba0aa,,True,True,passed_user_declined
2026-08-16T02:05:00,wta,WTA Cincinnati Open,hard,2026-08-16,Kostyuk M.,Kenin S.,0.8478,0.8478,0.1522,0.1522,0.9,0.1,0.6,False,1.1,auto,7.91,auto,,,0.9091,0.1264,-0.0613,-0.0674,0.0,0.0258,0.2041,0.0037,dcba0aa,,True,True,passed_user_declined
2026-08-16T02:05:00,wta,WTA Cincinnati Open,hard,2026-08-16,Korpatsch T.,Jovic I.,0.2414,0.2414,0.7586,0.7586,0.9,0.1,0.6,False,8.88,auto,1.08,auto,,,0.1126,0.9259,0.1288,1.1439,0.0163,-0.1674,-0.1807,0.0,dcba0aa,,True,True,blocked_suspicious_edge
2026-08-16T02:05:00,wta,WTA Cincinnati Open,hard,2026-08-16,Sabalenka A.,Gibson T.,0.9325,0.913,0.0675,0.087,0.9,0.1,0.6,True,1.14,auto,6.35,auto,,,0.8772,0.1575,0.0358,0.0408,0.05,-0.0705,-0.4475,0.0,dcba0aa,,True,True,passed_user_declined
2026-08-16T02:05:00,wta,WTA Cincinnati Open,hard,2026-08-16,Stephens S.,Potapova A.,0.1796,0.1796,0.8204,0.8204,0.9,0.1,0.6,False,2.78,auto,1.5,auto,,,0.3597,0.6667,-0.1801,-0.5007,0.0,0.1537,0.2306,0.05,dcba0aa,,True,True,blocked_suspicious_edge
2026-08-16T02:05:00,wta,WTA Cincinnati Open,hard,2026-08-16,Gauff C.,Samsonova L.,0.8344,0.8344,0.1656,0.1656,0.9,0.1,0.6,False,1.33,auto,3.61,auto,,,0.7519,0.277,0.0825,0.1098,0.05,-0.1114,-0.4022,0.0,dcba0aa,,True,True,passed_user_declined
2026-08-16T02:05:00,wta,WTA Cincinnati Open,hard,2026-08-16,Valentova T.,Svitolina E.,0.1944,0.1944,0.8056,0.8056,0.9,0.1,0.6,False,3.47,auto,1.35,auto,,,0.2882,0.7407,-0.0938,-0.3254,0.0,0.0649,0.0876,0.05,dcba0aa,,True,True,logged
2026-08-16T02:19:52,atp,ATP Cincinnati Open,hard,2026-08-16,Christopher O'Connell,Casper Ruud,0.2528,0.2528,0.7472,0.7472,0.9,0.1,0.6,False,3.66,auto,1.32,auto,,,0.2732,0.7576,-0.0204,-0.0747,0.0,-0.0104,-0.0137,0.0,92e05c6,,True,True,passed_low_edge
2026-08-16T02:19:52,atp,ATP Cincinnati Open,hard,2026-08-16,Marco Trungelliti,Daniil Medvedev,0.1298,0.1298,0.8702,0.8702,0.9,0.1,0.6,False,5.53,auto,1.18,auto,,,0.1808,0.8475,-0.0511,-0.2824,0.0,0.0228,0.0269,0.05,92e05c6,,True,True,passed_user_declined
2026-08-16T02:19:52,atp,ATP Cincinnati Open,hard,2026-08-16,Ugo Humbert,Michael Zheng,0.671,0.671,0.329,0.329,0.9,0.1,0.6,False,1.9,auto,1.99,auto,,,0.5263,0.5025,0.1447,0.275,0.05,-0.1735,-0.3453,0.0,92e05c6,,True,True,blocked_low_sample
2026-08-16T02:19:52,atp,ATP Cincinnati Open,hard,2026-08-16,Arthur Rinderknech,Juan Manuel Cerundolo,0.6086,0.6086,0.3914,0.3914,0.9,0.1,0.6,False,1.6,auto,2.47,auto,,,0.625,0.4049,-0.0164,-0.0262,0.0,-0.0135,-0.0333,0.0,92e05c6,,True,True,passed_low_edge
2026-08-16T02:19:52,atp,ATP Cincinnati Open,hard,2026-08-16,Joao Fonseca,Botic van de Zandschulp,0.6704,0.6704,0.3296,0.3296,0.9,0.1,0.6,False,1.36,auto,3.4,auto,,,0.7353,0.2941,-0.0649,-0.0883,0.0,0.0355,0.1207,0.0148,92e05c6,,True,True,passed_user_declined
2026-08-16T02:19:52,atp,ATP Cincinnati Open,hard,2026-08-16,Daniel Altmaier,Lorenzo Musetti,0.2535,0.2535,0.7465,0.7465,0.9,0.1,0.6,False,4.61,auto,1.23,auto,,,0.2169,0.813,0.0366,0.1685,0.0101,-0.0665,-0.0818,0.0,92e05c6,,True,True,passed_user_declined
2026-08-16T02:19:52,atp,ATP Cincinnati Open,hard,2026-08-16,Stefanos Tsitsipas,Felix Auger-Aliassime,0.3918,0.3918,0.6082,0.6082,0.9,0.1,0.6,False,2.19,auto,1.75,auto,,,0.4566,0.5714,-0.0648,-0.1419,0.0,0.0367,0.0643,0.049,92e05c6,,True,True,passed_user_declined
2026-08-16T02:19:52,atp,ATP Cincinnati Open,hard,2026-08-16,Brandon Nakashima,Aleksandar Kovacevic,0.7894,0.7894,0.2106,0.2106,0.9,0.1,0.6,False,1.28,auto,4.01,auto,,,0.7812,0.2494,0.0081,0.0104,0.029,-0.0387,-0.1553,0.0,92e05c6,,True,True,passed_user_declined
2026-08-16T02:19:52,atp,ATP Cincinnati Open,hard,2026-08-16,Taylor Fritz,Alex Michelsen,0.616,0.616,0.384,0.384,0.9,0.1,0.6,False,1.58,auto,2.51,auto,,,0.6329,0.3984,-0.0169,-0.0267,0.0,-0.0144,-0.0361,0.0,92e05c6,,True,True,passed_low_edge
2026-08-16T02:19:52,atp,ATP Cincinnati Open,hard,2026-08-16,Andrey Rublev,Pablo Carreno Busta,0.7305,0.7305,0.2695,0.2695,0.9,0.1,0.6,False,1.49,auto,2.8,auto,,,0.6711,0.3571,0.0594,0.0885,0.05,-0.0877,-0.2454,0.0,92e05c6,,True,True,passed_user_declined
2026-08-16T02:19:52,atp,ATP Cincinnati Open,hard,2026-08-16,Nuno Borges,Francisco Cerundolo,0.4192,0.4192,0.5808,0.5808,0.9,0.1,0.6,False,1.79,auto,2.13,auto,,,0.5587,0.4695,-0.1395,-0.2497,0.0,0.1113,0.2371,0.05,92e05c6,,True,True,blocked_suspicious_edge
2026-08-16T02:19:52,atp,ATP Cincinnati Open,hard,2026-08-16,Adam Walton,Ignacio Buse,0.3535,0.3535,0.6465,0.6465,0.9,0.1,0.6,False,1.65,auto,2.36,auto,,,0.6061,0.4237,-0.2525,-0.4167,0.0,0.2228,0.5257,0.05,92e05c6,,True,True,blocked_suspicious_edge
2026-08-16T02:19:52,atp,ATP Cincinnati Open,hard,2026-08-16,Learner Tien,Sebastian Baez,0.7449,0.7449,0.2551,0.2551,0.9,0.1,0.6,False,1.32,auto,3.66,auto,,,0.7576,0.2732,-0.0126,-0.0167,0.0,-0.0182,-0.0665,0.0,92e05c6,,True,True,passed_low_edge
2026-08-16T02:19:52,atp,ATP Cincinnati Open,hard,2026-08-16,Ben Shelton,Jaime Faria,0.8334,0.8334,0.1666,0.1666,0.9,0.1,0.6,False,1.2,auto,5.12,auto,,,0.8333,0.1953,0.0001,0.0001,0.0003,-0.0287,-0.1469,0.0,92e05c6,,True,True,passed_user_declined
2026-08-16T02:19:52,atp,ATP Cincinnati Open,hard,2026-08-16,Lorenzo Sonego,Frances Tiafoe,0.3761,0.3761,0.6239,0.6239,0.9,0.1,0.6,False,2.48,auto,1.6,auto,,,0.4032,0.625,-0.0271,-0.0672,0.0,-0.0011,-0.0018,0.0,92e05c6,,True,True,passed_low_edge
2026-08-16T02:19:52,wta,WTA Cincinnati Open,hard,2026-08-16,Krejcikova B.,Bejlek S.,0.652,0.652,0.348,0.348,0.9,0.1,0.6,False,1.62,auto,2.44,auto,,,0.6173,0.4098,0.0347,0.0563,0.05,-0.0619,-0.1509,0.0,92e05c6,,True,True,passed_user_declined
2026-08-16T02:19:52,wta,WTA Cincinnati Open,hard,2026-08-16,Wang X.,Vekic D.,0.2496,0.2496,0.7504,0.7504,0.9,0.1,0.6,False,1.81,auto,2.09,auto,,,0.5525,0.4785,-0.3029,-0.5482,0.0,0.2719,0.5683,0.05,92e05c6,,True,True,blocked_low_sample
2026-08-16T02:19:52,wta,WTA Cincinnati Open,hard,2026-08-16,Townsend T.,Rybakina E.,0.115,0.115,0.885,0.885,0.9,0.1,0.6,False,3.82,auto,1.3,auto,,,0.2618,0.7692,-0.1467,-0.5605,0.0,0.1157,0.1504,0.05,92e05c6,,True,True,blocked_suspicious_edge
2026-08-16T02:19:52,wta,WTA Cincinnati Open,hard,2026-08-16,Tjen J.,Golubic V.,0.4433,0.4433,0.5567,0.5567,0.9,0.1,0.6,False,1.85,auto,2.04,auto,,,0.5405,0.4902,-0.0973,-0.1799,0.0,0.0665,0.1357,0.05,92e05c6,,True,True,passed_user_declined
2026-08-16T02:19:52,wta,WTA Cincinnati Open,hard,2026-08-16,Oliynykova O.,Andreeva M.,0.1908,0.1908,0.8092,0.8092,0.9,0.1,0.6,False,9.25,auto,1.08,auto,,,0.1081,0.9259,0.0827,0.7649,0.01,-0.1167,-0.1261,0.0,92e05c6,,True,True,passed_user_declined
2026-08-16T02:19:52,wta,WTA Cincinnati Open,hard,2026-08-16,Snigur D.,Keys M.,0.3402,0.3402,0.6598,0.6598,0.9,0.1,0.6,False,3.14,auto,1.41,auto,,,0.3185,0.7092,0.0218,0.0684,0.0102,-0.0495,-0.0697,0.0,92e05c6,,True,True,passed_user_declined
2026-08-16T02:19:52,wta,WTA Cincinnati Open,hard,2026-08-16,Bouzkova M.,Stefanini L.,0.8165,0.8165,0.1835,0.1835,0.9,0.1,0.6,False,1.24,auto,4.43,auto,,,0.8065,0.2257,0.01,0.0124,0.0417,-0.0422,-0.1869,0.0,92e05c6,,True,True,passed_user_declined
2026-08-16T02:19:52,wta,WTA Cincinnati Open,hard,2026-08-16,Blinkova A.,Alexandrova E.,0.2246,0.2246,0.7754,0.7754,0.9,0.1,0.6,False,3.71,auto,1.32,auto,,,0.2695,0.7576,-0.0449,-0.1666,0.0,0.0178,0.0235,0.05,92e05c6,,True,True,passed_user_declined
2026-08-16T02:19:52,wta,WTA Cincinnati Open,hard,2026-08-16,Kostyuk M.,Kenin S.,0.8478,0.8478,0.1522,0.1522,0.9,0.1,0.6,False,1.1,auto,7.91,auto,,,0.9091,0.1264,-0.0613,-0.0674,0.0,0.0258,0.2041,0.0037,92e05c6,,True,True,passed_user_declined
2026-08-16T02:19:52,wta,WTA Cincinnati Open,hard,2026-08-16,Korpatsch T.,Jovic I.,0.2414,0.2414,0.7586,0.7586,0.9,0.1,0.6,False,8.88,auto,1.08,auto,,,0.1126,0.9259,0.1288,1.1439,0.0163,-0.1674,-0.1807,0.0,92e05c6,,True,True,blocked_suspicious_edge
2026-08-16T02:19:52,wta,WTA Cincinnati Open,hard,2026-08-16,Sabalenka A.,Gibson T.,0.9325,0.913,0.0675,0.087,0.9,0.1,0.6,True,1.14,auto,6.35,auto,,,0.8772,0.1575,0.0358,0.0408,0.05,-0.0705,-0.4475,0.0,92e05c6,,True,True,passed_user_declined
2026-08-16T02:19:52,wta,WTA Cincinnati Open,hard,2026-08-16,Stephens S.,Potapova A.,0.1796,0.1796,0.8204,0.8204,0.9,0.1,0.6,False,2.78,auto,1.5,auto,,,0.3597,0.6667,-0.1801,-0.5007,0.0,0.1537,0.2306,0.05,92e05c6,,True,True,blocked_suspicious_edge
2026-08-16T02:19:52,wta,WTA Cincinnati Open,hard,2026-08-16,Gauff C.,Samsonova L.,0.8344,0.8344,0.1656,0.1656,0.9,0.1,0.6,False,1.33,auto,3.61,auto,,,0.7519,0.277,0.0825,0.1098,0.05,-0.1114,-0.4022,0.0,92e05c6,,True,True,passed_user_declined
2026-08-16T02:19:52,wta,WTA Cincinnati Open,hard,2026-08-16,Valentova T.,Svitolina E.,0.1944,0.1944,0.8056,0.8056,0.9,0.1,0.6,False,3.47,auto,1.35,auto,,,0.2882,0.7407,-0.0938,-0.3254,0.0,0.0649,0.0876,0.05,92e05c6,,True,True,passed_user_declined
2026-08-17T01:51:16,atp,ATP Cincinnati Open,hard,2026-08-17,Alexander Blockx,Flavio Cobolli,0.4567,0.4567,0.5433,0.5433,0.9,0.1,0.6,False,1.84,auto,2.08,auto,,,0.5435,0.4808,-0.0868,-0.1597,0.0,0.0625,0.1301,0.05,b7a2b6f,,True,True,logged
2026-08-17T01:51:16,atp,ATP Cincinnati Open,hard,2026-08-17,Thiago Agustin Tirante,Martin Landaluce,0.6684,0.6684,0.3316,0.3316,0.9,0.1,0.6,False,1.75,auto,2.21,auto,,,0.5714,0.4525,0.097,0.1697,0.05,-0.1209,-0.2672,0.0,b7a2b6f,,True,True,logged
2026-08-17T01:51:16,atp,ATP Cincinnati Open,hard,2026-08-17,Arthur Fery,Alex de Minaur,0.2306,0.2306,0.7694,0.7694,0.9,0.1,0.6,False,4.46,auto,1.25,auto,,,0.2242,0.8,0.0064,0.0286,0.0019,-0.0306,-0.0383,0.0,b7a2b6f,,True,True,blocked_low_sample
2026-08-17T01:51:16,atp,ATP Cincinnati Open,hard,2026-08-17,Rinky Hijikata,Jakub Mensik,0.207,0.207,0.793,0.793,0.9,0.1,0.6,False,3.93,auto,1.3,auto,,,0.2545,0.7692,-0.0474,-0.1864,0.0,0.0237,0.0309,0.05,b7a2b6f,,True,True,passed_user_declined
2026-08-17T01:51:16,atp,ATP Cincinnati Open,hard,2026-08-17,Rafael Jodar,Alejandro Tabilo,0.7603,0.7603,0.2397,0.2397,0.9,0.1,0.6,False,1.46,auto,2.94,auto,,,0.6849,0.3401,0.0754,0.1101,0.05,-0.1005,-0.2954,0.0,b7a2b6f,,True,True,logged
2026-08-17T01:51:16,atp,ATP Cincinnati Open,hard,2026-08-17,Jiri Lehecka,Arthur Fils,0.4102,0.4102,0.5898,0.5898,0.9,0.1,0.6,False,2.36,auto,1.67,auto,,,0.4237,0.5988,-0.0135,-0.032,0.0,-0.009,-0.015,0.0,b7a2b6f,,True,True,passed_low_edge
2026-08-17T01:51:16,atp,ATP Cincinnati Open,hard,2026-08-17,Alexander Zverev,Terence Atmane,0.79,0.79,0.21,0.21,0.9,0.1,0.6,False,1.17,auto,5.7,auto,,,0.8547,0.1754,-0.0647,-0.0757,0.0,0.0345,0.1969,0.0073,b7a2b6f,,True,True,passed_user_declined
2026-08-17T01:51:16,atp,ATP Cincinnati Open,hard,2026-08-17,Tommy Paul,Adolfo Daniel Vallejo,0.6538,0.6538,0.3462,0.3462,0.9,0.1,0.6,False,1.24,auto,4.55,auto,,,0.8065,0.2198,-0.1527,-0.1893,0.0,0.1265,0.5754,0.0356,b7a2b6f,,True,True,blocked_suspicious_edge
2026-08-17T01:51:16,wta,WTA Cincinnati Open,hard,2026-08-17,Parry D.,Boisson L.,0.6458,0.6458,0.3542,0.3542,0.9,0.1,0.6,False,2.0,auto,1.91,auto,,,0.5,0.5236,0.1458,0.2917,0.05,-0.1694,-0.3235,0.0,b7a2b6f,,True,True,blocked_suspicious_edge
2026-08-17T01:51:16,wta,WTA Cincinnati Open,hard,2026-08-17,Swiatek I.,Sakkari M.,0.8421,0.8421,0.1579,0.1579,0.9,0.1,0.6,False,1.12,auto,7.0,auto,,,0.8929,0.1429,-0.0508,-0.0569,0.0,0.0151,0.1054,0.0025,b7a2b6f,,True,True,passed_user_declined
2026-08-17T01:51:16,wta,WTA Cincinnati Open,hard,2026-08-17,Cirstea S.,Kalinskaya A.,0.5682,0.5682,0.4318,0.4318,0.9,0.1,0.6,False,1.91,auto,2.0,auto,,,0.5236,0.5,0.0447,0.0853,0.0491,-0.0682,-0.1364,0.0,b7a2b6f,,True,True,passed_user_declined
2026-08-17T01:51:16,wta,WTA Cincinnati Open,hard,2026-08-17,Shnaider D.,Chwalinska M.,0.6565,0.6565,0.3435,0.3435,0.9,0.1,0.6,False,1.27,auto,4.19,auto,,,0.7874,0.2387,-0.1309,-0.1662,0.0,0.1048,0.4391,0.0329,b7a2b6f,,True,True,blocked_low_sample
2026-08-17T01:51:16,wta,WTA Cincinnati Open,hard,2026-08-17,Frech M.,Rybakina E.,0.0728,0.0891,0.9272,0.9109,0.9,0.1,0.6,True,6.6,auto,1.14,auto,,,0.1515,0.8772,-0.0624,-0.4119,0.0,0.0337,0.0384,0.05,b7a2b6f,,True,True,passed_user_declined
2026-08-17T01:51:16,wta,WTA Cincinnati Open,hard,2026-08-17,Noskova L.,Tauson C.,0.6783,0.6783,0.3217,0.3217,0.9,0.1,0.6,False,1.44,auto,3.05,auto,,,0.6944,0.3279,-0.0161,-0.0233,0.0,-0.0062,-0.0188,0.0,b7a2b6f,,True,True,passed_low_edge
2026-08-17T01:51:16,wta,WTA Cincinnati Open,hard,2026-08-17,Navarro E.,Pegula J.,0.1787,0.1787,0.8213,0.8213,0.9,0.1,0.6,False,4.8,auto,1.23,auto,,,0.2083,0.813,-0.0297,-0.1425,0.0,0.0083,0.0103,0.0363,b7a2b6f,,True,True,passed_user_declined
2026-08-17T01:51:16,wta,WTA Cincinnati Open,hard,2026-08-17,Eala A.,Anisimova A.,0.4807,0.4807,0.5193,0.5193,0.9,0.1,0.6,False,2.2,auto,1.76,auto,,,0.4545,0.5682,0.0261,0.0575,0.0218,-0.0489,-0.086,0.0,b7a2b6f,,True,True,passed_user_declined
2026-08-17T01:54:19,atp,ATP Cincinnati Open,hard,2026-08-17,Alexander Blockx,Flavio Cobolli,0.4599,0.4599,0.5401,0.5401,0.9,0.1,0.6,False,1.84,auto,2.08,auto,,,0.5435,0.4808,-0.0836,-0.1539,0.0,0.0594,0.1235,0.05,b7a2b6f,,True,True,logged
2026-08-17T01:54:19,atp,ATP Cincinnati Open,hard,2026-08-17,Thiago Agustin Tirante,Martin Landaluce,0.6689,0.6689,0.3311,0.3311,0.9,0.1,0.6,False,1.75,auto,2.21,auto,,,0.5714,0.4525,0.0975,0.1706,0.05,-0.1214,-0.2683,0.0,b7a2b6f,,True,True,logged
2026-08-17T01:54:19,atp,ATP Cincinnati Open,hard,2026-08-17,Arthur Fery,Alex de Minaur,0.3005,0.3005,0.6995,0.6995,0.9,0.1,0.6,False,4.46,auto,1.25,auto,,,0.2242,0.8,0.0763,0.3401,0.022,-0.1005,-0.1256,0.0,b7a2b6f,,True,True,blocked_low_sample
2026-08-17T01:54:19,atp,ATP Cincinnati Open,hard,2026-08-17,Rinky Hijikata,Jakub Mensik,0.2078,0.2078,0.7922,0.7922,0.9,0.1,0.6,False,3.93,auto,1.3,auto,,,0.2545,0.7692,-0.0467,-0.1834,0.0,0.023,0.0299,0.05,b7a2b6f,,True,True,passed_user_declined
2026-08-17T01:54:19,atp,ATP Cincinnati Open,hard,2026-08-17,Rafael Jodar,Alejandro Tabilo,0.7793,0.7793,0.2207,0.2207,0.9,0.1,0.6,False,1.46,auto,2.94,auto,,,0.6849,0.3401,0.0944,0.1378,0.05,-0.1195,-0.3512,0.0,b7a2b6f,,True,True,logged
2026-08-17T01:54:19,atp,ATP Cincinnati Open,hard,2026-08-17,Jiri Lehecka,Arthur Fils,0.4133,0.4133,0.5867,0.5867,0.9,0.1,0.6,False,2.36,auto,1.67,auto,,,0.4237,0.5988,-0.0104,-0.0246,0.0,-0.0121,-0.0202,0.0,b7a2b6f,,True,True,passed_low_edge
2026-08-17T01:54:19,atp,ATP Cincinnati Open,hard,2026-08-17,Alexander Zverev,Terence Atmane,0.8074,0.8074,0.1926,0.1926,0.9,0.1,0.6,False,1.17,auto,5.7,auto,,,0.8547,0.1754,-0.0473,-0.0553,0.0,0.0171,0.0977,0.0036,b7a2b6f,,True,True,passed_user_declined
2026-08-17T01:54:19,atp,ATP Cincinnati Open,hard,2026-08-17,Tommy Paul,Adolfo Daniel Vallejo,0.682,0.682,0.318,0.318,0.9,0.1,0.6,False,1.24,auto,4.55,auto,,,0.8065,0.2198,-0.1244,-0.1543,0.0,0.0982,0.4467,0.0277,b7a2b6f,,True,True,logged
2026-08-18T02:51:27,atp,ATP Cincinnati Open,hard,2026-08-18,Andrey Rublev,Nuno Borges,0.6166,0.6166,0.3834,0.3834,0.9,0.1,0.6,False,1.62,auto,2.44,auto,,,0.6173,0.4098,-0.0006,-0.001,0.0,-0.0265,-0.0646,0.0,8b0a198,,True,True,passed_low_edge
2026-08-18T02:51:27,atp,ATP Cincinnati Open,hard,2026-08-18,Michael Zheng,Lorenzo Musetti,0.2696,0.2696,0.7304,0.7304,0.9,0.1,0.6,False,2.57,auto,1.57,auto,,,0.3891,0.6369,-0.1195,-0.3072,0.0,0.0935,0.1468,0.05,8b0a198,,True,True,blocked_low_sample
2026-08-18T02:51:27,atp,ATP Cincinnati Open,hard,2026-08-18,Brandon Nakashima,Daniil Medvedev,0.3608,0.3608,0.6392,0.6392,0.9,0.1,0.6,False,2.19,auto,1.76,auto,,,0.4566,0.5682,-0.0958,-0.2098,0.0,0.071,0.1249,0.05,8b0a198,,True,True,logged
2026-08-18T02:51:27,atp,ATP Cincinnati Open,hard,2026-08-18,Jaime Faria,Adam Walton,0.5428,0.5428,0.4572,0.4572,0.9,0.1,0.6,False,1.69,auto,2.3,auto,,,0.5917,0.4348,-0.0489,-0.0826,0.0,0.0224,0.0515,0.0172,8b0a198,,True,True,passed_user_declined
2026-08-18T02:51:27,atp,ATP Cincinnati Open,hard,2026-08-18,Juan Manuel Cerundolo,Felix Auger-Aliassime,0.2757,0.2757,0.7243,0.7243,0.9,0.1,0.6,False,4.78,auto,1.23,auto,,,0.2092,0.813,0.0665,0.3179,0.0176,-0.0887,-0.1091,0.0,8b0a198,,True,True,logged
2026-08-18T02:51:27,atp,ATP Cincinnati Open,hard,2026-08-18,Learner Tien,Frances Tiafoe,0.6587,0.6587,0.3413,0.3413,0.9,0.1,0.6,False,1.86,auto,2.05,auto,,,0.5376,0.4878,0.1211,0.2252,0.05,-0.1465,-0.3004,0.0,8b0a198,,True,True,blocked_suspicious_edge
2026-08-18T02:51:27,wta,WTA Cincinnati Open,hard,2026-08-18,Siniakova K.,Keys M.,0.2941,0.2941,0.7059,0.7059,0.9,0.1,0.6,False,3.79,auto,1.31,auto,,,0.2639,0.7634,0.0302,0.1145,0.0108,-0.0574,-0.0752,0.0,8b0a198,,True,True,passed_user_declined
2026-08-18T02:51:27,wta,WTA Cincinnati Open,hard,2026-08-18,Tjen J.,Andreeva M.,0.1208,0.1208,0.8792,0.8792,0.9,0.1,0.6,False,5.96,auto,1.16,auto,,,0.1678,0.8621,-0.047,-0.2799,0.0,0.0171,0.0198,0.05,8b0a198,,True,True,passed_user_declined
2026-08-18T02:51:27,wta,WTA Cincinnati Open,hard,2026-08-18,Wang X.,Svitolina E.,0.0549,0.0819,0.9451,0.9181,0.9,0.1,0.6,True,3.92,auto,1.3,auto,,,0.2551,0.7692,-0.1732,-0.6788,0.0,0.1488,0.1935,0.05,8b0a198,,True,True,blocked_low_sample
2026-08-18T02:51:27,wta,WTA Cincinnati Open,hard,2026-08-18,Gauff C.,Li A.,0.8518,0.8518,0.1482,0.1482,0.9,0.1,0.6,False,1.15,auto,6.41,auto,,,0.8696,0.156,-0.0178,-0.0205,0.0,-0.0078,-0.0497,0.0,8b0a198,,True,True,passed_low_edge
2026-08-18T02:51:27,wta,WTA Cincinnati Open,hard,2026-08-18,Kostyuk M.,Stephens S.,0.9056,0.9022,0.0944,0.0978,0.9,0.1,0.6,True,1.12,auto,7.01,auto,,,0.8929,0.1427,0.0094,0.0105,0.05,-0.0449,-0.3147,0.0,8b0a198,,True,True,passed_user_declined
2026-08-18T02:51:27,wta,WTA Cincinnati Open,hard,2026-08-18,Bejlek S.,Alexandrova E.,0.3994,0.3994,0.6006,0.6006,0.9,0.1,0.6,False,2.02,auto,1.88,auto,,,0.495,0.5319,-0.0956,-0.1932,0.0,0.0687,0.1291,0.05,8b0a198,,True,True,passed_user_declined
2026-08-18T02:51:27,wta,WTA Cincinnati Open,hard,2026-08-18,Sabalenka A.,Wang X.,0.9821,0.9328,0.0179,0.0672,0.9,0.1,0.6,True,1.09,auto,8.6,auto,,,0.9174,0.1163,0.0154,0.0168,0.05,-0.0491,-0.4223,0.0,8b0a198,,True,True,blocked_low_sample
2026-08-18T02:51:27,wta,WTA Cincinnati Open,hard,2026-08-18,Bouzkova M.,Jovic I.,0.3769,0.3769,0.6231,0.6231,0.9,0.1,0.6,False,2.6,auto,1.56,auto,,,0.3846,0.641,-0.0078,-0.0202,0.0,-0.0179,-0.0279,0.0,8b0a198,,True,True,passed_low_edge
2026-08-19T10:56:33,atp,ATP Cincinnati Open,hard,2026-08-19,Thiago Agustin Tirante,Jakub Mensik,0.3958,0.3958,0.6042,0.6042,0.9,0.1,0.6,False,2.75,auto,1.52,auto,,,0.3636,0.6579,0.0322,0.0884,0.0184,-0.0537,-0.0816,0.0,5061cc5,,True,True,logged
2026-08-19T10:56:33,atp,ATP Cincinnati Open,hard,2026-08-19,Alexander Zverev,Tommy Paul,0.629,0.629,0.371,0.371,0.9,0.1,0.6,False,1.39,auto,3.29,auto,,,0.7194,0.304,-0.0904,-0.1256,0.0,0.067,0.2205,0.0293,5061cc5,,True,True,logged
2026-08-19T10:56:33,atp,ATP Cincinnati Open,hard,2026-08-19,Arthur Fils,Alex de Minaur,0.4906,0.4906,0.5094,0.5094,0.9,0.1,0.6,False,1.6,auto,2.5,auto,,,0.625,0.4,-0.1344,-0.2151,0.0,0.1094,0.2736,0.05,5061cc5,,True,True,blocked_suspicious_edge
2026-08-19T10:56:33,atp,ATP Cincinnati Open,hard,2026-08-19,Nuno Borges,Brandon Nakashima,0.3798,0.3798,0.6202,0.6202,0.9,0.1,0.6,False,2.38,auto,1.64,auto,,,0.4202,0.6098,-0.0404,-0.0961,0.0,0.0104,0.0171,0.0163,5061cc5,,True,True,passed_user_declined
2026-08-19T10:56:33,atp,ATP Cincinnati Open,hard,2026-08-19,Jaime Faria,Lorenzo Musetti,0.2464,0.2464,0.7536,0.7536,0.9,0.1,0.6,False,3.45,auto,1.35,auto,,,0.2899,0.7407,-0.0435,-0.15,0.0,0.0129,0.0174,0.0368,5061cc5,,True,True,passed_user_declined
2026-08-19T10:56:33,atp,ATP Cincinnati Open,hard,2026-08-19,Taylor Fritz,Christopher O'Connell,0.8473,0.8473,0.1527,0.1527,0.9,0.1,0.6,False,1.09,auto,8.57,auto,,,0.9174,0.1167,-0.0702,-0.0765,0.0,0.0361,0.309,0.0048,5061cc5,,True,True,logged
2026-08-19T10:56:33,atp,ATP Cincinnati Open,hard,2026-08-19,Frances Tiafoe,Felix Auger-Aliassime,0.353,0.353,0.647,0.647,0.9,0.1,0.6,False,2.85,auto,1.47,auto,,,0.3509,0.6803,0.0021,0.0061,0.0012,-0.0333,-0.0489,0.0,5061cc5,,True,True,passed_user_declined
2026-08-19T10:56:33,wta,WTA Cincinnati Open,hard,2026-08-19,Cirstea S.,Pegula J.,0.2918,0.2918,0.7082,0.7082,0.9,0.1,0.6,False,3.89,auto,1.3,auto,,,0.2571,0.7692,0.0347,0.135,0.012,-0.061,-0.0793,0.0,5061cc5,,True,True,passed_user_declined
2026-08-19T10:56:33,wta,WTA Cincinnati Open,hard,2026-08-19,Kostyuk M.,Andreeva M.,0.4254,0.4254,0.5746,0.5746,0.9,0.1,0.6,False,2.23,auto,1.74,auto,,,0.4484,0.5747,-0.023,-0.0513,0.0,-0.0001,-0.0002,0.0,5061cc5,,True,True,passed_low_edge
2026-08-19T10:56:33,wta,WTA Cincinnati Open,hard,2026-08-19,Noskova L.,Anisimova A.,0.4475,0.4475,0.5525,0.5525,0.9,0.1,0.6,False,1.88,auto,2.04,auto,,,0.5319,0.4902,-0.0844,-0.1586,0.0,0.0623,0.127,0.05,5061cc5,,True,True,passed_user_declined
2026-08-19T10:56:33,wta,WTA Cincinnati Open,hard,2026-08-19,Shnaider D.,Rybakina E.,0.198,0.198,0.802,0.802,0.9,0.1,0.6,False,3.33,auto,1.38,auto,,,0.3003,0.7246,-0.1023,-0.3405,0.0,0.0773,0.1067,0.05,5061cc5,,True,True,passed_user_declined
2026-08-19T10:56:33,wta,WTA Cincinnati Open,hard,2026-08-19,Gauff C.,Bouzkova M.,0.7734,0.7734,0.2266,0.2266,0.9,0.1,0.6,False,1.28,auto,4.1,auto,,,0.7812,0.2439,-0.0078,-0.01,0.0,-0.0173,-0.071,0.0,5061cc5,,True,True,passed_low_edge
2026-08-19T10:56:33,wta,WTA Cincinnati Open,hard,2026-08-19,Keys M.,Wang X.,0.8925,0.8925,0.1075,0.1075,0.9,0.1,0.6,False,1.25,auto,4.4,auto,,,0.8,0.2273,0.0925,0.1156,0.05,-0.1198,-0.527,0.0,5061cc5,,True,True,blocked_low_sample
2026-08-19T10:56:33,wta,WTA Cincinnati Open,hard,2026-08-19,Sabalenka A.,Bejlek S.,0.9223,0.9089,0.0777,0.0911,0.9,0.1,0.6,True,1.11,auto,7.27,auto,,,0.9009,0.1376,0.008,0.0089,0.05,-0.0465,-0.3379,0.0,5061cc5,,True,True,passed_user_declined
2026-08-21T01:14:22,atp,ATP Cincinnati Open,hard,2026-08-21,Taylor Fritz,Brandon Nakashima,0.6056,0.6056,0.3944,0.3944,0.9,0.1,0.6,False,1.56,auto,2.61,auto,,,0.641,0.3831,-0.0354,-0.0552,0.0,0.0112,0.0293,0.007,b973c0f,,True,True,passed_user_declined
2026-08-21T01:14:22,atp,ATP Cincinnati Open,hard,2026-08-21,Lorenzo Musetti,Frances Tiafoe,0.5738,0.5738,0.4262,0.4262,0.9,0.1,0.6,False,1.89,auto,2.01,auto,,,0.5291,0.4975,0.0447,0.0845,0.025,-0.0713,-0.1434,0.0,b973c0f,,True,True,logged
2026-08-21T23:00:38,atp,ATP Cincinnati Open,hard,2026-08-22,Flavio Cobolli,Arthur Fils,0.3434,0.3434,0.6566,0.6566,0.9,0.1,0.6,False,3.35,auto,1.42,auto,betus,betfair_ex_uk,0.2985,0.7042,0.0449,0.1504,0.0096,-0.0476,-0.0676,0.0,ee14d88,,True,True,logged
2026-08-21T23:00:39,atp,ATP Cincinnati Open,hard,2026-08-22,Brandon Nakashima,Frances Tiafoe,0.5113,0.5113,0.4887,0.4887,0.9,0.1,0.6,False,1.89,auto,2.16,auto,betfair_ex_eu,draftkings,0.5291,0.463,-0.0178,-0.0335,0.0,0.0257,0.0555,0.0221,ee14d88,,True,True,UNKNOWN_RECOVERY
2026-08-24T15:29:55,wta,WTA Monterrey Open,hard,2026-08-24,Parks A.,Marcinko P.,0.4467,0.4467,0.5533,0.5533,0.9,0.1,0.6,False,2.12,auto,1.91,auto,gtbets,betfair_ex_eu,0.4717,0.5236,-0.025,-0.053,0.0,0.0298,0.0568,0.0327,983dc0e,,True,True,UNKNOWN_RECOVERY
2026-08-24T15:29:55,wta,WTA Monterrey Open,hard,2026-08-24,Tjen J.,Yastremska D.,0.5617,0.5617,0.4383,0.4383,0.9,0.1,0.6,False,1.53,auto,2.86,auto,betfair_ex_uk,betfair_ex_eu,0.6536,0.3497,-0.0919,-0.1406,0.0,0.0887,0.2536,0.0238,983dc0e,,True,True,logged
2026-08-24T15:29:55,wta,WTA Monterrey Open,hard,2026-08-24,Tauson C.,Zarazua R.,0.6693,0.6693,0.3307,0.3307,0.9,0.1,0.6,False,1.36,auto,3.65,auto,betfair_ex_eu,betfair_ex_eu,0.7353,0.274,-0.066,-0.0898,0.0,0.0568,0.2072,0.0107,983dc0e,,True,True,logged
2026-08-24T15:29:55,wta,WTA Monterrey Open,hard,2026-08-24,Parry D.,Vekic D.,0.5735,0.5735,0.4265,0.4265,0.9,0.1,0.6,False,2.38,auto,1.71,auto,betfair_ex_eu,betfair_ex_eu,0.4202,0.5848,0.1533,0.3649,0.05,-0.1583,-0.2707,0.0,983dc0e,,True,True,UNKNOWN_RECOVERY
2026-08-24T15:29:55,wta,WTA Monterrey Open,hard,2026-08-25,Kalinina A.,Joint M.,0.4943,0.4943,0.5057,0.5057,0.9,0.1,0.6,False,1.88,auto,2.12,auto,gtbets,betfair_ex_uk,0.5319,0.4717,-0.0377,-0.0708,0.0,0.034,0.0722,0.0152,983dc0e,,True,True,logged
2026-08-24T15:29:55,wta,WTA Monterrey Open,hard,2026-08-25,Bucsa C.,Bondar A.,0.5462,0.5462,0.4538,0.4538,0.9,0.1,0.6,False,2.18,auto,1.82,auto,betfair_ex_eu,unibet_se,0.4587,0.5495,0.0874,0.1906,0.025,-0.0956,-0.174,0.0,983dc0e,,True,True,logged
2026-08-24T15:29:55,wta,WTA Monterrey Open,hard,2026-08-25,Vidmanova D.,Birrell K.,0.4261,0.4261,0.5739,0.5739,0.9,0.1,0.6,False,1.71,auto,2.28,auto,betfair_ex_uk,betfair_ex_uk,0.5848,0.4386,-0.1587,-0.2714,0.0,0.1353,0.3086,0.05,983dc0e,,True,True,UNKNOWN_RECOVERY
2026-08-24T15:29:55,wta,WTA Monterrey Open,hard,2026-08-25,Zhang S.,Timofeeva M.,0.6369,0.6369,0.3631,0.3631,0.9,0.1,0.6,False,1.85,auto,2.1,auto,fanduel,bovada,0.5405,0.4762,0.0964,0.1783,0.025,-0.1131,-0.2376,0.0,983dc0e,,True,True,logged
2026-08-25T12:26:43,atp,Abierto EE.UU,hard,2026-08-25,Arthur Gea,Sumit Nagal,0.7748,0.7748,0.2252,0.2252,0.9,0.1,0.6,False,1.13,manual,5.3,manual,,,0.885,0.1887,-0.1102,-0.1245,0.0,0.0366,0.1938,0.0085,d42e13a,,True,True,UNKNOWN_RECOVERY
2026-08-25T12:34:19,atp,Abierto de EE.UU,hard,2026-08-25,Hugo Gaston,Guido Ivan Justo,0.4801,0.4801,0.5199,0.5199,0.9,0.1,0.6,False,1.12,manual,5.7,manual,,,0.8929,0.1754,-0.4128,-0.4623,0.0,0.3445,1.9637,0.05,d42e13a,,True,True,UNKNOWN_RECOVERY
2026-08-27T19:08:01,wta,WTA Monterrey Open,hard,2026-08-27,Tauson C.,Parry D.,0.4995,0.4995,0.5005,0.5005,0.9,0.1,0.6,False,1.62,auto,2.61,auto,betfair_ex_uk,betonlineag,0.6173,0.3831,-0.1177,-0.1907,0.0,0.1173,0.3062,0.05,7d4fff4,,True,True,UNKNOWN_RECOVERY
2026-08-27T19:08:01,wta,WTA Monterrey Open,hard,2026-08-27,Starodubtseva Y.,Mertens E.,0.2765,0.2765,0.7235,0.7235,0.9,0.1,0.6,False,3.15,auto,1.47,auto,betfair_ex_uk,gtbets,0.3175,0.6803,-0.041,-0.129,0.0,0.0432,0.0635,0.0125,7d4fff4,,True,True,logged
2026-08-29T21:48:17,atp,ATP US Open,hard,2026-08-30,Dino Prizmic,Alexander Shevchenko,0.5103,0.5103,0.4897,0.4897,0.9,0.1,0.6,False,1.37,auto,3.55,auto,betfair_ex_uk,onexbet,0.7299,0.2817,-0.2197,-0.301,0.0,0.2081,0.7386,0.05,7a9634b,,True,True,blocked_suspicious_edge
2026-08-29T21:48:17,atp,ATP US Open,hard,2026-08-30,Sho Shimabukuro,Arthur Rinderknech,0.2992,0.2992,0.7008,0.7008,0.9,0.1,0.6,False,3.95,auto,1.35,auto,betfair_ex_uk,gtbets,0.2532,0.7407,0.046,0.1817,0.0039,-0.0399,-0.0539,0.0,7a9634b,,True,True,logged
2026-08-29T21:48:17,atp,ATP US Open,hard,2026-08-30,Kamil Majchrzak,Hamad Medjedovic,0.523,0.523,0.477,0.477,0.9,0.1,0.6,False,1.85,auto,2.2,auto,gtbets,betfair_ex_uk,0.5405,0.4545,-0.0175,-0.0324,0.0,0.0224,0.0493,0.0187,7a9634b,,True,True,passed_user_declined
2026-08-29T21:48:17,atp,ATP US Open,hard,2026-08-30,Jiri Lehecka,Pablo Carreno Busta,0.7478,0.7478,0.2522,0.2522,0.9,0.1,0.6,False,1.28,auto,4.61,auto,betfair_ex_uk,onexbet,0.7812,0.2169,-0.0334,-0.0428,0.0,0.0353,0.1626,0.0024,7a9634b,,True,True,logged
2026-08-29T21:48:17,atp,ATP US Open,hard,2026-08-30,Luca Van Assche,Cameron Norrie,0.2991,0.2991,0.7009,0.7009,0.9,0.1,0.6,False,2.92,auto,1.52,auto,matchbook,gtbets,0.3425,0.6579,-0.0434,-0.1267,0.0,0.043,0.0654,0.0125,7a9634b,,True,True,logged
2026-08-29T21:48:17,atp,ATP US Open,hard,2026-08-30,Jaume Munar,Terence Atmane,0.5179,0.5179,0.4821,0.4821,0.9,0.1,0.6,False,2.7,auto,1.59,auto,betfair_ex_uk,onexbet,0.3704,0.6289,0.1476,0.3984,0.05,-0.1469,-0.2335,0.0,7a9634b,,True,True,blocked_suspicious_edge
2026-08-29T21:48:17,atp,ATP US Open,hard,2026-08-30,Toby Samuel,Tomas Machac,0.308,0.308,0.692,0.692,0.9,0.1,0.6,False,1.75,auto,2.3,auto,onexbet,betfair_ex_eu,0.5714,0.4348,-0.2634,-0.461,0.0,0.2572,0.5916,0.05,7a9634b,,True,True,blocked_low_sample
2026-08-29T21:48:17,atp,ATP US Open,hard,2026-08-30,Daniil Medvedev,Hugo Gaston,0.8808,0.8808,0.1192,0.1192,0.9,0.1,0.6,False,1.12,auto,9.3,auto,betfair_ex_eu,onexbet,0.8929,0.1075,-0.012,-0.0135,0.0,0.0116,0.1083,0.0014,7a9634b,,True,True,passed_user_declined
2026-08-29T21:48:17,atp,ATP US Open,hard,2026-08-30,Thiago Agustin Tirante,Adrian Mannarino,0.7539,0.7539,0.2461,0.2461,0.9,0.1,0.6,False,1.4,auto,3.6,auto,onexbet,matchbook,0.7143,0.2778,0.0396,0.0554,0.0125,-0.0316,-0.1139,0.0,7a9634b,,True,True,logged
2026-08-29T21:48:17,atp,ATP US Open,hard,2026-08-30,Jaime Faria,Jenson Brooksby,0.4479,0.4479,0.5521,0.5521,0.9,0.1,0.6,False,2.12,auto,1.93,auto,onexbet,betfair_ex_uk,0.4717,0.5181,-0.0238,-0.0505,0.0,0.034,0.0656,0.0091,7a9634b,,True,True,logged
2026-08-29T21:48:17,atp,ATP US Open,hard,2026-08-30,Aleksandar Vukic,Rei Sakamoto,0.5881,0.5881,0.4119,0.4119,0.9,0.1,0.6,False,2.52,auto,1.65,auto,matchbook,onexbet,0.3968,0.6061,0.1913,0.482,0.05,-0.1942,-0.3204,0.0,7a9634b,,True,True,blocked_low_sample
2026-08-29T21:48:17,atp,ATP US Open,hard,2026-08-30,Miomir Kecmanovic,Denis Shapovalov,0.3743,0.3743,0.6257,0.6257,0.9,0.1,0.6,False,2.26,auto,1.79,auto,betfair_ex_uk,onexbet,0.4425,0.5587,-0.0682,-0.1541,0.0,0.067,0.12,0.0125,7a9634b,,True,True,logged
2026-08-29T21:48:17,atp,ATP US Open,hard,2026-08-30,Martin Landaluce,Jacob Fearnley,0.5618,0.5618,0.4382,0.4382,0.9,0.1,0.6,False,2.04,auto,2.08,auto,onexbet,matchbook,0.4902,0.4808,0.0716,0.146,0.0125,-0.0425,-0.0885,0.0,7a9634b,,True,True,logged
2026-08-29T21:48:17,atp,ATP US Open,hard,2026-08-30,Sebastian Gorzny,Raphael Collignon,0.1509,0.1509,0.8491,0.8491,0.9,0.1,0.6,False,9.7,auto,1.13,auto,onexbet,matchbook,0.1031,0.885,0.0478,0.4636,0.0055,-0.0358,-0.0405,0.0,7a9634b,,True,True,blocked_low_sample
2026-08-29T21:48:17,atp,ATP US Open,hard,2026-08-30,Tomas Martin Etcheverry,Vit Kopriva,0.6136,0.6136,0.3864,0.3864,0.9,0.1,0.6,False,1.6,auto,2.62,auto,matchbook,matchbook,0.625,0.3817,-0.0114,-0.0182,0.0,0.0047,0.0123,0.0029,7a9634b,,True,True,passed_user_declined
2026-08-29T21:48:17,atp,ATP US Open,hard,2026-08-30,Alex Michelsen,Federico Cina,0.8074,0.8074,0.1926,0.1926,0.9,0.1,0.6,False,1.29,auto,4.4,auto,boylesports,matchbook,0.7752,0.2273,0.0322,0.0416,0.05,-0.0347,-0.1526,0.0,7a9634b,,True,True,blocked_low_sample
2026-08-29T21:48:17,atp,ATP US Open,hard,2026-08-30,Mariano Navone,Novak Djokovic,0.2627,0.2627,0.7373,0.7373,0.9,0.1,0.6,False,5.6,auto,1.21,auto,matchbook,onexbet,0.1786,0.8264,0.0841,0.4711,0.0046,-0.0891,-0.1079,0.0,7a9634b,,True,True,logged
2026-08-29T21:48:17,atp,ATP US Open,hard,2026-08-30,Alexander Bublik,J.J. Wolf,0.8231,0.8231,0.1769,0.1769,0.9,0.1,0.6,False,1.45,auto,3.12,auto,betfair_ex_uk,onexbet,0.6897,0.3205,0.1335,0.1935,0.05,-0.1436,-0.4481,0.0,7a9634b,,True,True,blocked_suspicious_edge
2026-08-31T00:25:21,atp,ATP US Open,hard,2026-08-31,Valentin Vacherot,Aleksandar Kovacevic,0.7039,0.7039,0.2961,0.2961,0.9,0.1,0.6,False,1.95,auto,2.02,auto,matchbook,matchbook,0.5128,0.495,0.1911,0.3726,0.05,-0.199,-0.4019,0.0,b3b421a,,True,True,blocked_suspicious_edge
2026-08-31T00:25:21,atp,ATP US Open,hard,2026-08-31,Otto Virtanen,Andrey Rublev,0.2521,0.2521,0.7479,0.7479,0.9,0.1,0.6,False,5.66,auto,1.21,auto,onexbet,betfair_ex_eu,0.1767,0.8264,0.0754,0.4269,0.004,-0.0786,-0.095,0.0,b3b421a,,True,True,logged
2026-08-31T00:25:21,atp,ATP US Open,hard,2026-08-31,Stefanos Tsitsipas,Arthur Fils,0.2414,0.2414,0.7586,0.7586,0.9,0.1,0.6,False,5.1,auto,1.25,auto,matchbook,livescorebet,0.1961,0.8,0.0453,0.2312,0.0028,-0.0414,-0.0518,0.0,b3b421a,,True,True,logged
2026-08-31T00:25:21,atp,ATP US Open,hard,2026-08-31,Roman Safiullin,Carlos Alcaraz,0.0994,0.0997,0.9006,0.9003,0.9,0.1,0.6,False,5.3,auto,1.22,auto,betfair_ex_uk,onexbet,0.1887,0.8197,-0.0889,-0.4714,0.0,0.0806,0.0983,0.0125,b3b421a,,True,True,logged
2026-08-31T00:25:21,atp,ATP US Open,hard,2026-08-31,Jurij Rodionov,Giovanni Mpetshi Perricard,0.5051,0.5051,0.4949,0.4949,0.9,0.1,0.6,False,2.08,auto,1.98,auto,onexbet,betfair_ex_eu,0.4808,0.5051,0.0243,0.0506,0.0225,-0.0101,-0.0201,0.0,b3b421a,,True,True,passed_user_declined
2026-08-31T00:25:21,atp,ATP US Open,hard,2026-08-31,Matteo Arnaldi,James Duckworth,0.5319,0.5319,0.4681,0.4681,0.9,0.1,0.6,False,1.63,auto,2.56,auto,onexbet,betfair_ex_uk,0.6135,0.3906,-0.0816,-0.133,0.0,0.0775,0.1984,0.0124,b3b421a,,True,True,logged
2026-08-31T00:25:21,atp,ATP US Open,hard,2026-08-31,Dalibor Svrcina,Valentin Royer,0.613,0.613,0.387,0.387,0.9,0.1,0.6,False,2.06,auto,1.92,auto,betfair_ex_eu,betfair_ex_eu,0.4854,0.5208,0.1276,0.2628,0.05,-0.1339,-0.257,0.0,b3b421a,,True,True,blocked_suspicious_edge
2026-08-31T00:25:21,atp,ATP US Open,hard,2026-08-31,Luciano Darderi,Harry Wendelken,0.7417,0.7417,0.2583,0.2583,0.9,0.1,0.6,False,1.36,auto,3.71,auto,betfair_ex_uk,onexbet,0.7353,0.2695,0.0064,0.0087,0.0178,-0.0112,-0.0417,0.0,b3b421a,,True,True,blocked_low_sample
2026-08-31T00:25:21,atp,ATP US Open,hard,2026-08-31,Brandon Nakashima,Sebastian Baez,0.6844,0.6844,0.3156,0.3156,0.9,0.1,0.6,False,1.16,auto,7.0,auto,onexbet,smarkets,0.8621,0.1429,-0.1777,-0.2061,0.0,0.1728,1.2094,0.0288,b3b421a,,True,True,blocked_suspicious_edge
2026-08-31T00:25:21,atp,ATP US Open,hard,2026-08-31,Damir Dzumhur,Hubert Hurkacz,0.3038,0.3038,0.6962,0.6962,0.9,0.1,0.6,False,11.2,auto,1.11,auto,onexbet,betfair_ex_uk,0.0893,0.9009,0.2145,2.4026,0.021,-0.2047,-0.2272,0.0,b3b421a,,True,True,blocked_suspicious_edge
2026-08-31T00:25:21,atp,ATP US Open,hard,2026-08-31,Juncheng Shang,Marco Trungelliti,0.5445,0.5445,0.4555,0.4555,0.9,0.1,0.6,False,1.52,auto,2.88,auto,onexbet,matchbook,0.6579,0.3472,-0.1134,-0.1723,0.0,0.1083,0.3118,0.05,b3b421a,,True,True,blocked_suspicious_edge
2026-08-31T00:25:21,atp,ATP US Open,hard,2026-08-31,Matteo Berrettini,Stan Wawrinka,0.7424,0.7424,0.2576,0.2576,0.9,0.1,0.6,False,1.25,auto,4.92,auto,sport888,onexbet,0.8,0.2033,-0.0576,-0.0721,0.0,0.0544,0.2676,0.0035,b3b421a,,True,True,logged
2026-08-31T00:25:21,atp,ATP US Open,hard,2026-08-31,Yannick Hanfmann,Alejandro Tabilo,0.4508,0.4508,0.5492,0.5492,0.9,0.1,0.6,False,2.34,auto,1.73,auto,betfair_ex_uk,sport888,0.4274,0.578,0.0235,0.0549,0.0175,-0.0289,-0.0499,0.0,b3b421a,,True,True,passed_user_declined
2026-08-31T00:25:21,atp,ATP US Open,hard,2026-08-31,Jakub Mensik,Shintaro Mochizuki,0.8599,0.8599,0.1401,0.1401,0.9,0.1,0.6,False,1.13,auto,10.0,auto,betfair_ex_uk,boylesports,0.885,0.1,-0.0251,-0.0283,0.0,0.0401,0.4012,0.0011,b3b421a,,True,True,logged
2026-08-31T00:25:21,atp,ATP US Open,hard,2026-08-31,Quentin Halys,Facundo Diaz Acosta,0.5669,0.5669,0.4331,0.4331,0.9,0.1,0.6,False,1.33,auto,3.9,auto,betfair_ex_uk,betfair_ex_uk,0.7519,0.2564,-0.1849,-0.246,0.0,0.1766,0.6889,0.05,b3b421a,,True,True,blocked_suspicious_edge
2026-08-31T00:25:21,atp,ATP US Open,hard,2026-08-31,Roman Andres Burruchaga,Karen Khachanov,0.3967,0.3967,0.6033,0.6033,0.9,0.1,0.6,False,4.33,auto,1.29,auto,boylesports,onexbet,0.2309,0.7752,0.1657,0.7175,0.0498,-0.1718,-0.2217,0.0,b3b421a,,True,True,blocked_suspicious_edge
2026-08-31T00:25:21,atp,ATP US Open,hard,2026-08-31,Nuno Borges,Learner Tien,0.2935,0.2935,0.7065,0.7065,0.9,0.1,0.6,False,2.88,auto,1.53,auto,betfair_ex_uk,onexbet,0.3472,0.6536,-0.0537,-0.1547,0.0,0.0529,0.0809,0.0125,b3b421a,,True,True,logged
2026-08-31T00:25:21,atp,ATP US Open,hard,2026-08-31,Grigor Dimitrov,Alexei Popyrin,0.508,0.508,0.492,0.492,0.9,0.1,0.6,False,1.55,auto,2.86,auto,gtbets,betfair_ex_uk,0.6452,0.3497,-0.1371,-0.2125,0.0,0.1423,0.407,0.05,b3b421a,,True,True,blocked_suspicious_edge
2026-08-31T00:25:21,atp,ATP US Open,hard,2026-08-31,Felix Auger-Aliassime,Rinky Hijikata,0.7749,0.7749,0.2251,0.2251,0.9,0.1,0.6,False,1.13,auto,9.2,auto,gtbets,betfair_ex_uk,0.885,0.1087,-0.11,-0.1243,0.0,0.1164,1.0706,0.0142,b3b421a,,True,True,blocked_suspicious_edge
2026-08-31T00:25:21,atp,ATP US Open,hard,2026-08-31,Ben Shelton,Tallon Griekspoor,0.7328,0.7328,0.2672,0.2672,0.9,0.1,0.6,False,1.15,auto,7.25,auto,betfair_ex_uk,onexbet,0.8696,0.1379,-0.1368,-0.1573,0.0,0.1293,0.9373,0.0207,b3b421a,,True,True,blocked_suspicious_edge
2026-08-31T23:57:16,atp,ATP US Open,hard,2026-09-01,Dane Sweeny,Corentin Moutet,0.3825,0.3825,0.6175,0.6175,0.9,0.1,0.6,False,3.9,auto,1.4,auto,marathonbet,matchbook,0.2564,0.7143,0.1261,0.4918,0.0435,-0.0968,-0.1355,0.0,4083f30,,True,True,blocked_low_sample
2026-08-31T23:57:17,atp,ATP US Open,hard,2026-09-01,Filip Misolic,Francisco Cerundolo,0.2401,0.2401,0.7599,0.7599,0.9,0.1,0.6,False,13.0,auto,1.08,auto,smarkets,betfair_ex_uk,0.0769,0.9259,0.1632,2.121,0.0136,-0.166,-0.1793,0.0,4083f30,,True,True,blocked_suspicious_edge
2026-08-31T23:57:17,atp,ATP US Open,hard,2026-09-01,Francisco Comesana,Flavio Cobolli,0.2211,0.2211,0.7789,0.7789,0.9,0.1,0.6,False,5.3,auto,1.23,auto,matchbook,livescorebet,0.1887,0.813,0.0325,0.1721,0.0019,-0.0342,-0.042,0.0,4083f30,,True,True,logged
2026-08-31T23:57:17,atp,ATP US Open,hard,2026-09-01,Mattia Bellucci,Zsombor Piros,0.5478,0.5478,0.4522,0.4522,0.9,0.1,0.6,False,1.49,auto,2.96,auto,betfair_ex_eu,matchbook,0.6711,0.3378,-0.1234,-0.1838,0.0,0.1144,0.3386,0.05,4083f30,,True,True,blocked_low_sample
2026-08-31T23:57:17,atp,ATP US Open,hard,2026-09-01,Nishesh Basavareddy,Tristan Schoolkate,0.5387,0.5387,0.4613,0.4613,0.9,0.1,0.6,False,1.34,auto,3.75,auto,betfair_ex_uk,betfair_ex_uk,0.7463,0.2667,-0.2076,-0.2781,0.0,0.1946,0.7299,0.05,4083f30,,True,True,blocked_low_sample
2026-08-31T23:57:17,atp,ATP US Open,hard,2026-09-01,Arthur Fery,Lorenzo Musetti,0.4281,0.4281,0.5719,0.5719,0.9,0.1,0.6,False,4.35,auto,1.29,auto,coolbet,betfair_ex_uk,0.2299,0.7752,0.1982,0.8621,0.05,-0.2033,-0.2622,0.0,4083f30,,True,True,blocked_suspicious_edge
2026-08-31T23:57:17,atp,ATP US Open,hard,2026-09-01,Camilo Ugo Carabelli,Jan-Lennard Struff,0.5006,0.5006,0.4994,0.4994,0.9,0.1,0.6,False,2.9,auto,1.53,auto,betfair_ex_uk,sport888,0.3448,0.6536,0.1558,0.4517,0.05,-0.1542,-0.2359,0.0,4083f30,,True,True,blocked_suspicious_edge
2026-08-31T23:57:17,atp,ATP US Open,hard,2026-09-01,Zizou Bergs,Carlos Taberner,0.6626,0.6626,0.3374,0.3374,0.9,0.1,0.6,False,1.06,auto,21.0,auto,matchbook,boylesports,0.9434,0.0476,-0.2808,-0.2976,0.0,0.2897,6.0846,0.0145,4083f30,,True,True,blocked_suspicious_edge
2026-08-31T23:57:17,atp,ATP US Open,hard,2026-09-01,Taylor Fritz,Darwin Blanch,0.8826,0.8826,0.1174,0.1174,0.9,0.1,0.6,False,1.03,auto,28.01,auto,smarkets,smarkets,0.9709,0.0357,-0.0883,-0.0909,0.0,0.0817,2.289,0.003,4083f30,,True,True,blocked_low_sample
2026-08-31T23:57:17,atp,ATP US Open,hard,2026-09-01,Jesper De Jong,Francesco Passaro,0.5665,0.5665,0.4335,0.4335,0.9,0.1,0.6,False,1.81,auto,2.26,auto,casumo,betfair_ex_eu,0.5525,0.4425,0.014,0.0254,0.0173,-0.009,-0.0203,0.0,4083f30,,True,True,blocked_low_sample
2026-08-31T23:57:17,atp,ATP US Open,hard,2026-09-01,Juan Manuel Cerundolo,Arthur Gea,0.5701,0.5701,0.4299,0.4299,0.9,0.1,0.6,False,2.1,auto,1.88,auto,matchbook,matchbook,0.4762,0.5319,0.0939,0.1972,0.05,-0.102,-0.1917,0.0,4083f30,,True,True,blocked_low_sample
2026-08-31T23:57:17,atp,ATP US Open,hard,2026-09-01,Rafael Jodar,Thanasi Kokkinakis,0.8977,0.8977,0.1023,0.1023,0.9,0.1,0.6,False,1.12,auto,9.2,auto,betonlineag,smarkets,0.8929,0.1087,0.0048,0.0054,0.0403,-0.0064,-0.0587,0.0,4083f30,,True,True,passed_user_declined
2026-08-31T23:57:17,atp,ATP US Open,hard,2026-09-01,Alex Molcan,Benjamin Bonzi,0.502,0.502,0.498,0.498,0.9,0.1,0.6,False,2.96,auto,1.5,auto,betfair_ex_uk,betfair_ex_uk,0.3378,0.6667,0.1642,0.486,0.05,-0.1687,-0.2531,0.0,4083f30,,True,True,blocked_suspicious_edge
2026-08-31T23:57:17,atp,ATP US Open,hard,2026-09-01,Zachary Svajda,Daniel Altmaier,0.4222,0.4222,0.5778,0.5778,0.9,0.1,0.6,False,1.7,auto,2.42,auto,betfair_ex_uk,betfair_ex_uk,0.5882,0.4132,-0.166,-0.2823,0.0,0.1646,0.3983,0.05,4083f30,,True,True,blocked_suspicious_edge
2026-08-31T23:57:17,atp,ATP US Open,hard,2026-09-01,Fabian Marozsan,Michael Zheng,0.5902,0.5902,0.4098,0.4098,0.9,0.1,0.6,False,2.32,auto,1.78,auto,betfair_ex_uk,onexbet,0.431,0.5618,0.1591,0.3692,0.05,-0.152,-0.2705,0.0,4083f30,,True,True,blocked_low_sample
2026-08-31T23:57:17,atp,ATP US Open,hard,2026-09-01,Jan Choinski,Botic van de Zandschulp,0.3058,0.3058,0.6942,0.6942,0.9,0.1,0.6,False,4.2,auto,1.29,auto,smarkets,sport888,0.2381,0.7752,0.0677,0.2844,0.0212,-0.081,-0.1045,0.0,4083f30,,True,True,blocked_low_sample
2026-08-31T23:57:17,atp,ATP US Open,hard,2026-09-01,Marcos Giron,Ignacio Buse,0.3167,0.3167,0.6833,0.6833,0.9,0.1,0.6,False,2.44,auto,1.7,auto,matchbook,betway,0.4098,0.5882,-0.0931,-0.2272,0.0,0.095,0.1616,0.0125,4083f30,,True,True,logged
2026-08-31T23:57:17,atp,ATP US Open,hard,2026-09-01,Adolfo Daniel Vallejo,Gael Monfils,0.6996,0.6996,0.3004,0.3004,0.9,0.1,0.6,False,1.79,auto,2.22,auto,betfair_ex_uk,betfair_ex_uk,0.5587,0.4505,0.141,0.2523,0.05,-0.1501,-0.3331,0.0,4083f30,,True,True,blocked_suspicious_edge
2026-08-31T23:57:17,atp,ATP US Open,hard,2026-09-01,Alexander Zverev,Lorenzo Sonego,0.8438,0.8438,0.1562,0.1562,0.9,0.1,0.6,False,1.07,auto,14.5,auto,betfair_ex_uk,betfair_ex_uk,0.9346,0.069,-0.0908,-0.0971,0.0,0.0872,1.2649,0.0016,4083f30,,True,True,logged
2026-09-02T15:50:13,atp,ATP US Open,hard,2026-09-02,Matteo Berrettini,Mariano Navone,0.5857,0.5857,0.4143,0.4143,0.9,0.1,0.6,False,1.66,auto,2.52,auto,matchbook,onexbet,0.6024,0.3968,-0.0167,-0.0277,0.0,0.0175,0.044,0.0115,6f18e15,,True,True,passed_user_declined
2026-09-02T15:50:13,atp,ATP US Open,hard,2026-09-02,Lloyd Harris,Stefanos Tsitsipas,0.3093,0.3093,0.6907,0.6907,0.9,0.1,0.6,False,3.15,auto,1.46,auto,betfair_ex_uk,betfair_ex_uk,0.3175,0.6849,-0.0081,-0.0256,0.0,0.0057,0.0084,0.0124,6f18e15,,True,True,passed_user_declined
2026-09-02T15:50:13,atp,ATP US Open,hard,2026-09-02,Jiri Lehecka,Toby Samuel,0.7089,0.7089,0.2911,0.2911,0.9,0.1,0.6,False,1.39,auto,3.5,auto,betfair_ex_eu,betfair_ex_eu,0.7194,0.2857,-0.0105,-0.0146,0.0,0.0053,0.0187,0.0021,6f18e15,,True,True,blocked_low_sample
2026-09-02T15:50:13,atp,ATP US Open,hard,2026-09-02,Dino Prizmic,Tommy Paul,0.2572,0.2572,0.7428,0.7428,0.9,0.1,0.6,False,5.7,auto,1.22,auto,matchbook,gtbets,0.1754,0.8197,0.0818,0.4662,0.0044,-0.0769,-0.0938,0.0,6f18e15,,True,True,logged
2026-09-02T15:50:13,atp,ATP US Open,hard,2026-09-02,Alexander Bublik,Adrian Mannarino,0.7332,0.7332,0.2668,0.2668,0.9,0.1,0.6,False,1.32,auto,4.1,auto,betfair_ex_eu,betfair_ex_eu,0.7576,0.2439,-0.0244,-0.0322,0.0,0.0229,0.0939,0.0074,6f18e15,,True,True,passed_user_declined
2026-09-02T15:50:13,atp,ATP US Open,hard,2026-09-02,Rei Sakamoto,Frances Tiafoe,0.182,0.182,0.818,0.818,0.9,0.1,0.6,False,4.4,auto,1.29,auto,betfair_ex_eu,sport888,0.2273,0.7752,-0.0453,-0.1993,0.0,0.0428,0.0552,0.05,6f18e15,,True,True,blocked_low_sample
2026-09-02T15:50:13,atp,ATP US Open,hard,2026-09-02,Valentin Vacherot,Kamil Majchrzak,0.6441,0.6441,0.3559,0.3559,0.9,0.1,0.6,False,1.83,auto,2.2,auto,betfair_ex_eu,betfair_ex_eu,0.5464,0.4545,0.0976,0.1786,0.0125,-0.0986,-0.2169,0.0,6f18e15,,True,True,logged
2026-09-02T15:50:14,atp,ATP US Open,hard,2026-09-02,Jaime Faria,Carlos Alcaraz,0.1147,0.1147,0.8853,0.8853,0.9,0.1,0.6,False,12.0,auto,1.11,auto,betfair_ex_eu,gtbets,0.0833,0.9009,0.0313,0.376,0.0007,-0.0156,-0.0173,0.0,6f18e15,,True,True,logged
2026-09-02T15:50:14,atp,ATP US Open,hard,2026-09-03,Alexei Popyrin,Alejandro Tabilo,0.3974,0.3974,0.6026,0.6026,0.9,0.1,0.6,False,2.36,auto,1.72,auto,betfair_ex_eu,betfair_ex_eu,0.4237,0.5814,-0.0263,-0.062,0.0,0.0212,0.0364,0.0294,6f18e15,,True,True,passed_user_declined
2026-09-02T15:50:14,atp,ATP US Open,hard,2026-09-03,Alexander Blockx,Marco Trungelliti,0.7201,0.7201,0.2799,0.2799,0.9,0.1,0.6,False,1.2,auto,5.6,auto,betfair_ex_eu,fanduel,0.8333,0.1786,-0.1133,-0.1359,0.0,0.1014,0.5676,0.022,6f18e15,,True,True,blocked_suspicious_edge
2026-09-02T15:50:14,atp,ATP US Open,hard,2026-09-03,Luciano Darderi,Dalibor Svrcina,0.6144,0.6144,0.3856,0.3856,0.9,0.1,0.6,False,1.75,auto,2.46,auto,matchbook,onexbet,0.5714,0.4065,0.043,0.0753,0.0125,-0.0209,-0.0515,0.0,6f18e15,,True,True,logged
2026-09-02T15:50:14,atp,ATP US Open,hard,2026-09-03,Dane Sweeny,Lorenzo Musetti,0.2107,0.2107,0.7893,0.7893,0.9,0.1,0.6,False,17.51,auto,1.05,auto,smarkets,betfair_ex_uk,0.0571,0.9524,0.1536,2.6897,0.0093,-0.1631,-0.1713,0.0,6f18e15,,True,True,blocked_low_sample
2026-09-02T15:50:14,atp,ATP US Open,hard,2026-09-03,Felix Auger-Aliassime,Karen Khachanov,0.7373,0.7373,0.2627,0.2627,0.9,0.1,0.6,False,1.41,auto,3.35,auto,betfair_ex_eu,betfair_ex_eu,0.7092,0.2985,0.0281,0.0396,0.05,-0.0358,-0.12,0.0,6f18e15,,True,True,passed_user_declined
2026-09-02T15:50:14,atp,ATP US Open,hard,2026-09-03,Tristan Schoolkate,Flavio Cobolli,0.1802,0.1802,0.8198,0.8198,0.9,0.1,0.6,False,6.0,auto,1.19,auto,betfair_ex_uk,betfair_ex_uk,0.1667,0.8403,0.0136,0.0813,0.0027,-0.0206,-0.0245,0.0,6f18e15,,True,True,passed_user_declined
2026-09-02T15:50:14,atp,ATP US Open,hard,2026-09-03,Jan-Lennard Struff,Francisco Cerundolo,0.2612,0.2612,0.7388,0.7388,0.9,0.1,0.6,False,2.63,auto,1.65,auto,onexbet,betfair_ex_uk,0.3802,0.6061,-0.119,-0.313,0.0,0.1327,0.219,0.05,6f18e15,,True,True,blocked_suspicious_edge
2026-09-02T15:50:14,atp,ATP US Open,hard,2026-09-03,Jakub Mensik,Jurij Rodionov,0.7566,0.7566,0.2434,0.2434,0.9,0.1,0.6,False,1.14,auto,7.6,auto,betfair_ex_eu,betfair_ex_eu,0.8772,0.1316,-0.1206,-0.1375,0.0,0.1119,0.8502,0.0169,6f18e15,,True,True,blocked_suspicious_edge
2026-09-02T15:50:14,atp,ATP US Open,hard,2026-09-03,Taylor Fritz,Mattia Bellucci,0.8321,0.8321,0.1679,0.1679,0.9,0.1,0.6,False,1.15,auto,9.0,auto,gtbets,betfair_ex_uk,0.8696,0.1111,-0.0375,-0.0431,0.0,0.0568,0.5115,0.0018,6f18e15,,True,True,logged
2026-09-02T15:50:14,wta,WTA US Open,hard,2026-09-02,Wang X.,Kalinskaya A.,0.1367,0.1367,0.8633,0.8633,0.9,0.1,0.6,False,2.88,auto,1.52,auto,betfair_ex_uk,betfair_ex_uk,0.3472,0.6579,-0.2105,-0.6063,0.0,0.2054,0.3122,0.05,6f18e15,,True,True,blocked_low_sample
2026-09-02T15:50:14,wta,WTA US Open,hard,2026-09-02,Birrell K.,Alexandrova E.,0.3345,0.3345,0.6655,0.6655,0.9,0.1,0.6,False,4.4,auto,1.28,auto,betfair_ex_eu,betfair_ex_eu,0.2273,0.7812,0.1072,0.4719,0.0315,-0.1158,-0.1482,0.0,6f18e15,,True,True,blocked_suspicious_edge
2026-09-02T15:50:14,wta,WTA US Open,hard,2026-09-02,Li A.,Vekic D.,0.6416,0.6416,0.3584,0.3584,0.9,0.1,0.6,False,1.66,auto,2.5,auto,matchbook,matchbook,0.6024,0.4,0.0392,0.0651,0.0125,-0.0416,-0.104,0.0,6f18e15,,True,True,logged
2026-09-02T15:50:14,wta,WTA US Open,hard,2026-09-02,Sabalenka A.,Iatcenko P.,0.9621,0.9248,0.0379,0.0752,0.9,0.1,0.6,True,1.04,auto,25.0,auto,betfair_ex_eu,winamax_fr,0.9615,0.04,-0.0367,-0.0382,0.0,0.0352,0.879,0.0015,6f18e15,,True,True,blocked_low_sample
2026-09-02T15:50:14,wta,WTA US Open,hard,2026-09-02,Svitolina E.,Joint M.,0.8226,0.8226,0.1774,0.1774,0.9,0.1,0.6,False,1.13,auto,8.6,auto,betfair_ex_uk,betfair_ex_eu,0.885,0.1163,-0.0623,-0.0704,0.0,0.0611,0.5253,0.002,6f18e15,,True,True,logged
2026-09-02T15:50:14,wta,WTA US Open,hard,2026-09-02,Tararudee L.,Noskova L.,0.2216,0.2216,0.7784,0.7784,0.9,0.1,0.6,False,5.2,auto,1.25,auto,betfair_ex_eu,gtbets,0.1923,0.8,0.0293,0.1525,0.007,-0.0216,-0.027,0.0,6f18e15,,True,True,blocked_low_sample
2026-09-02T15:50:14,wta,WTA US Open,hard,2026-09-03,Tagger L.,Anisimova A.,0.2332,0.2332,0.7668,0.7668,0.9,0.1,0.6,False,5.3,auto,1.22,auto,betfair_ex_uk,betfair_ex_uk,0.1887,0.8197,0.0445,0.236,0.0026,-0.0529,-0.0645,0.0,6f18e15,,True,True,logged
2026-09-02T15:50:14,wta,WTA US Open,hard,2026-09-03,Potapova A.,Jeanjean L.,0.8056,0.8056,0.1944,0.1944,0.9,0.1,0.6,False,1.29,auto,4.2,auto,betfair_ex_uk,betfair_ex_uk,0.7752,0.2381,0.0304,0.0392,0.0125,-0.0437,-0.1835,0.0,6f18e15,,True,True,logged
2026-09-02T15:50:14,wta,WTA US Open,hard,2026-09-03,Keys M.,Bondar A.,0.8025,0.8025,0.1975,0.1975,0.9,0.1,0.6,False,1.12,auto,9.0,auto,betfair_ex_eu,boylesports,0.8929,0.1111,-0.0904,-0.1012,0.0,0.0864,0.7779,0.0027,6f18e15,,True,True,logged
2026-09-02T15:50:14,wta,WTA US Open,hard,2026-09-03,Bucsa C.,Sakatsume H.,0.6199,0.6199,0.3801,0.3801,0.9,0.1,0.6,False,1.5,auto,2.92,auto,betfair_ex_eu,betfair_ex_eu,0.6667,0.3425,-0.0468,-0.0701,0.0,0.0376,0.1098,0.0196,6f18e15,,True,True,blocked_low_sample
2026-09-02T15:50:14,wta,WTA US Open,hard,2026-09-03,Timofeeva M.,Mertens E.,0.1913,0.1913,0.8087,0.8087,0.9,0.1,0.6,False,3.65,auto,1.36,auto,matchbook,betfair_ex_eu,0.274,0.7353,-0.0827,-0.3018,0.0,0.0734,0.0998,0.0125,6f18e15,,True,True,logged
2026-09-02T15:50:14,wta,WTA US Open,hard,2026-09-03,Andreeva M.,Lys E.,0.8648,0.8648,0.1352,0.1352,0.9,0.1,0.6,False,1.11,auto,10.0,auto,gtbets,matchbook,0.9009,0.1,-0.0361,-0.0401,0.0,0.0352,0.3518,0.001,6f18e15,,True,True,logged
2026-09-02T15:50:14,wta,WTA US Open,hard,2026-09-03,Dart H.,Bouzkova M.,0.2329,0.2329,0.7671,0.7671,0.9,0.1,0.6,False,6.0,auto,1.19,auto,betfair_ex_eu,onexbet,0.1667,0.8403,0.0663,0.3976,0.0033,-0.0733,-0.0872,0.0,6f18e15,,True,True,logged
2026-09-02T15:50:14,wta,WTA US Open,hard,2026-09-03,Swiatek I.,Podoroska N.,0.9817,0.9327,0.0183,0.0673,0.9,0.1,0.6,True,1.02,auto,44.0,auto,betfair_ex_uk,betfair_ex_uk,0.9804,0.0227,-0.0477,-0.0487,0.0,0.0446,1.9625,0.0003,6f18e15,,True,True,logged
2026-09-02T15:50:14,wta,WTA US Open,hard,2026-09-03,Sakkari M.,Starodubtseva Y.,0.6293,0.6293,0.3707,0.3707,0.9,0.1,0.6,False,1.67,auto,2.46,auto,matchbook,matchbook,0.5988,0.4065,0.0305,0.0509,0.0114,-0.0358,-0.0881,0.0,6f18e15,,True,True,logged
2026-09-02T15:50:14,wta,WTA US Open,hard,2026-09-03,Zheng Q.,Putintseva Y.,0.6263,0.6263,0.3737,0.3737,0.9,0.1,0.6,False,1.37,auto,3.5,auto,matchbook,smarkets,0.7299,0.2857,-0.1037,-0.142,0.0,0.088,0.3081,0.0088,6f18e15,,True,True,logged
2026-09-02T15:50:14,wta,WTA US Open,hard,2026-09-03,Osaka N.,Siniakova K.,0.7398,0.7398,0.2602,0.2602,0.9,0.1,0.6,False,1.3,auto,4.4,auto,gtbets,matchbook,0.7692,0.2273,-0.0295,-0.0383,0.0,0.033,0.145,0.0024,6f18e15,,True,True,logged
2026-09-02T15:50:14,wta,WTA US Open,hard,2026-09-03,Oliynykova O.,Eala A.,0.3036,0.3036,0.6964,0.6964,0.9,0.1,0.6,False,11.0,auto,1.11,auto,boylesports,matchbook,0.0909,0.9009,0.2127,2.3401,0.0213,-0.2045,-0.227,0.0,6f18e15,,True,True,blocked_suspicious_edge
2026-09-03T23:40:41,atp,ATP US Open,hard,2026-09-04,Alexander Bublik,Tommy Paul,0.413,0.413,0.587,0.587,0.9,0.1,0.6,False,2.58,auto,1.62,auto,betfair_ex_eu,betfair_ex_eu,0.3876,0.6173,0.0254,0.0654,0.016,-0.0302,-0.049,0.0,50c48eb,,True,True,passed_user_declined
2026-09-03T23:40:41,atp,ATP US Open,hard,2026-09-04,Daniil Medvedev,Arthur Rinderknech,0.6972,0.6972,0.3028,0.3028,0.9,0.1,0.6,False,1.38,auto,3.6,auto,matchbook,betfair_ex_uk,0.7246,0.2778,-0.0274,-0.0378,0.0,0.025,0.09,0.0096,50c48eb,,True,True,passed_user_declined
2026-09-03T23:40:41,atp,ATP US Open,hard,2026-09-04,Tomas Martin Etcheverry,Mariano Navone,0.5126,0.5126,0.4874,0.4874,0.9,0.1,0.6,False,2.15,auto,1.94,auto,boylesports,matchbook,0.4651,0.5155,0.0475,0.1021,0.0103,-0.0281,-0.0544,0.0,50c48eb,,True,True,logged
2026-09-03T23:40:41,atp,ATP US Open,hard,2026-09-04,Jiri Lehecka,Stefanos Tsitsipas,0.5985,0.5985,0.4015,0.4015,0.9,0.1,0.6,False,1.6,auto,2.64,auto,betfair_ex_uk,betfair_ex_uk,0.625,0.3788,-0.0265,-0.0424,0.0,0.0227,0.0599,0.0138,50c48eb,,True,True,passed_user_declined
2026-09-03T23:40:41,atp,ATP US Open,hard,2026-09-04,Valentin Vacherot,Frances Tiafoe,0.4473,0.4473,0.5527,0.5527,0.9,0.1,0.6,False,2.88,auto,1.54,auto,matchbook,fanduel,0.3472,0.6494,0.1,0.2881,0.05,-0.0966,-0.1488,0.0,50c48eb,,True,True,blocked_suspicious_edge
2026-09-03T23:40:41,atp,ATP US Open,hard,2026-09-04,Ben Shelton,Denis Shapovalov,0.7426,0.7426,0.2574,0.2574,0.9,0.1,0.6,False,1.29,auto,4.5,auto,sport888,betfair_ex_uk,0.7752,0.2222,-0.0326,-0.0421,0.0,0.0352,0.1585,0.0025,50c48eb,,True,True,logged
2026-09-18T23:53:30,wta,WTA Guadalajara Open,hard,2026-09-19,Stearns P.,Jovic I.,0.2638,0.2638,0.7362,0.7362,0.9,0.1,0.6,False,3.8,auto,1.37,auto,betfair_ex_uk,onexbet,0.2632,0.7299,0.0006,0.0023,0.0002,0.0063,0.0086,0.0171,29bfccc,,True,True,logged
2026-09-19T00:02:33,wta,WTA Guadalajara Open,hard,2026-09-19,Stearns P.,Jovic I.,0.2638,0.2638,0.7362,0.7362,0.9,0.1,0.6,False,3.8,auto,1.37,auto,betfair_ex_uk,onexbet,0.2632,0.7299,0.0006,0.0023,0.0002,0.0063,0.0086,0.0171,dfb9646,,True,True,logged
2026-09-19T00:17:38,wta,WTA Guadalajara Open,hard,2026-09-19,Stearns P.,Jovic I.,0.2638,0.2638,0.7362,0.7362,0.9,0.1,0.6,False,3.9,auto,1.37,auto,betfair_ex_uk,onexbet,0.2564,0.7299,0.0074,0.0287,0.0025,0.0063,0.0086,0.0171,79a61b9,,True,True,logged
